image_name,subfolder,stage,variant,threshold,superlevel,confidence,total_features,betti_0,betti_1,min_persistence,timestamp
img_000_200_200_clean,nucmm\Mouse (NucMM-M)\mouse,baseline,baseline,0.5882352941176471,False,0.9,6097,2441,3656,0.10697899013757706,2025-10-13T18:05:42.560095
img_000_200_200_gaussian_0.05,nucmm\Mouse (NucMM-M)\mouse,baseline,noised_gaussian_0.05,0.5882352941176471,False,0.9,6422,2548,3874,0.1067814789712429,2025-10-13T18:05:45.964961
img_000_200_200_gaussian_0.1,nucmm\Mouse (NucMM-M)\mouse,baseline,noised_gaussian_0.1,0.5882352941176471,False,0.9,6456,2558,3898,0.10735729336738586,2025-10-13T18:05:48.789561
img_000_200_200_salt_pepper_0.05,nucmm\Mouse (NucMM-M)\mouse,baseline,noised_salt_pepper_0.05,0.44313725490196076,False,0.9,6959,2794,4165,0.12,2025-10-13T18:05:52.638266
img_000_200_200_salt_pepper_0.1,nucmm\Mouse (NucMM-M)\mouse,baseline,noised_salt_pepper_0.1,0.34901960784313724,False,0.9,7578,3028,4550,0.12,2025-10-13T18:05:55.686384
img_000_200_200_gaussian_0.05_median_filter,nucmm\Mouse (NucMM-M)\mouse,baseline,denoised_gaussian_0.05_median_filter,0.5764705882352941,False,0.9,857,428,429,0.023874040693044662,2025-10-13T18:05:58.798143
img_000_200_200_gaussian_0.05_bilateral_filter,nucmm\Mouse (NucMM-M)\mouse,baseline,denoised_gaussian_0.05_bilateral_filter,0.5843137254901961,False,0.9,578,241,337,0.02,2025-10-13T18:06:01.513443
img_000_200_200_gaussian_0.05_non_local_means,nucmm\Mouse (NucMM-M)\mouse,baseline,denoised_gaussian_0.05_non_local_means,0.6,False,0.9,130,71,59,0.02,2025-10-13T18:06:04.273409
img_000_200_200_gaussian_0.1_median_filter,nucmm\Mouse (NucMM-M)\mouse,baseline,denoised_gaussian_0.1_median_filter,0.5803921568627451,False,0.9,859,437,422,0.023657580837607384,2025-10-13T18:06:06.388092
img_000_200_200_gaussian_0.1_bilateral_filter,nucmm\Mouse (NucMM-M)\mouse,baseline,denoised_gaussian_0.1_bilateral_filter,0.5843137254901961,False,0.9,570,247,323,0.02,2025-10-13T18:06:08.712333
img_000_200_200_gaussian_0.1_non_local_means,nucmm\Mouse (NucMM-M)\mouse,baseline,denoised_gaussian_0.1_non_local_means,0.6,False,0.9,128,72,56,0.02,2025-10-13T18:06:11.146786
img_000_200_200_salt_pepper_0.05_median_filter,nucmm\Mouse (NucMM-M)\mouse,baseline,denoised_salt_pepper_0.05_median_filter,0.5764705882352941,False,0.9,743,376,367,0.025308284908533096,2025-10-13T18:06:13.278028
img_000_200_200_salt_pepper_0.05_bilateral_filter,nucmm\Mouse (NucMM-M)\mouse,baseline,denoised_salt_pepper_0.05_bilateral_filter,0.5725490196078431,False,0.9,2635,1126,1509,0.021464196033775806,2025-10-13T18:06:16.153111
img_000_200_200_salt_pepper_0.05_non_local_means,nucmm\Mouse (NucMM-M)\mouse,baseline,denoised_salt_pepper_0.05_non_local_means,0.596078431372549,False,0.9,347,176,171,0.02,2025-10-13T18:06:19.072902
img_000_200_200_salt_pepper_0.1_median_filter,nucmm\Mouse (NucMM-M)\mouse,baseline,denoised_salt_pepper_0.1_median_filter,0.5764705882352941,False,0.9,832,413,419,0.02611435018479824,2025-10-13T18:06:21.536878
img_000_200_200_salt_pepper_0.1_bilateral_filter,nucmm\Mouse (NucMM-M)\mouse,baseline,denoised_salt_pepper_0.1_bilateral_filter,0.5372549019607843,False,0.9,4383,1805,2578,0.039252184331417084,2025-10-13T18:06:23.925732
img_000_200_200_salt_pepper_0.1_non_local_means,nucmm\Mouse (NucMM-M)\mouse,baseline,denoised_salt_pepper_0.1_non_local_means,0.592156862745098,False,0.9,540,283,257,0.02,2025-10-13T18:06:26.616164
img_000_604_576_clean,nucmm\Mouse (NucMM-M)\mouse,baseline,baseline,0.47058823529411764,False,0.9,5991,2331,3660,0.1103254035115242,2025-10-13T18:06:29.122879
img_000_604_576_gaussian_0.05,nucmm\Mouse (NucMM-M)\mouse,baseline,noised_gaussian_0.05,0.47058823529411764,False,0.9,6333,2450,3883,0.11015738546848297,2025-10-13T18:06:32.400060
img_000_604_576_gaussian_0.1,nucmm\Mouse (NucMM-M)\mouse,baseline,noised_gaussian_0.1,0.47058823529411764,False,0.9,6346,2449,3897,0.11080066859722137,2025-10-13T18:06:35.028225
img_000_604_576_salt_pepper_0.05,nucmm\Mouse (NucMM-M)\mouse,baseline,noised_salt_pepper_0.05,0.39215686274509803,False,0.9,6848,2672,4176,0.12,2025-10-13T18:06:37.656235
img_000_604_576_salt_pepper_0.1,nucmm\Mouse (NucMM-M)\mouse,baseline,noised_salt_pepper_0.1,0.3568627450980392,False,0.9,7525,2966,4559,0.12,2025-10-13T18:06:40.323334
img_000_604_576_gaussian_0.05_median_filter,nucmm\Mouse (NucMM-M)\mouse,baseline,denoised_gaussian_0.05_median_filter,0.43137254901960786,False,0.9,864,431,433,0.02520462591201067,2025-10-13T18:06:43.011741
img_000_604_576_gaussian_0.05_bilateral_filter,nucmm\Mouse (NucMM-M)\mouse,baseline,denoised_gaussian_0.05_bilateral_filter,0.4470588235294118,False,0.9,599,258,341,0.02,2025-10-13T18:06:45.864660
img_000_604_576_gaussian_0.05_non_local_means,nucmm\Mouse (NucMM-M)\mouse,baseline,denoised_gaussian_0.05_non_local_means,0.4745098039215686,False,0.9,113,58,55,0.02,2025-10-13T18:06:48.650559
img_000_604_576_gaussian_0.1_median_filter,nucmm\Mouse (NucMM-M)\mouse,baseline,denoised_gaussian_0.1_median_filter,0.43529411764705883,False,0.9,861,418,443,0.025169500149786472,2025-10-13T18:06:50.689917
img_000_604_576_gaussian_0.1_bilateral_filter,nucmm\Mouse (NucMM-M)\mouse,baseline,denoised_gaussian_0.1_bilateral_filter,0.44313725490196076,False,0.9,592,256,336,0.02,2025-10-13T18:06:52.953515
img_000_604_576_gaussian_0.1_non_local_means,nucmm\Mouse (NucMM-M)\mouse,baseline,denoised_gaussian_0.1_non_local_means,0.4745098039215686,False,0.9,113,61,52,0.02,2025-10-13T18:06:55.374421
img_000_604_576_salt_pepper_0.05_median_filter,nucmm\Mouse (NucMM-M)\mouse,baseline,denoised_salt_pepper_0.05_median_filter,0.43137254901960786,False,0.9,771,386,385,0.026632240042090416,2025-10-13T18:06:57.389029
img_000_604_576_salt_pepper_0.05_bilateral_filter,nucmm\Mouse (NucMM-M)\mouse,baseline,denoised_salt_pepper_0.05_bilateral_filter,0.4549019607843137,False,0.9,2643,1106,1537,0.02147605922073126,2025-10-13T18:06:59.827596
img_000_604_576_salt_pepper_0.05_non_local_means,nucmm\Mouse (NucMM-M)\mouse,baseline,denoised_salt_pepper_0.05_non_local_means,0.4823529411764706,False,0.9,308,149,159,0.02,2025-10-13T18:07:02.914890
img_000_604_576_salt_pepper_0.1_median_filter,nucmm\Mouse (NucMM-M)\mouse,baseline,denoised_salt_pepper_0.1_median_filter,0.43137254901960786,False,0.9,792,415,377,0.0274743614718318,2025-10-13T18:07:05.153661
img_000_604_576_salt_pepper_0.1_bilateral_filter,nucmm\Mouse (NucMM-M)\mouse,baseline,denoised_salt_pepper_0.1_bilateral_filter,0.4549019607843137,False,0.9,4394,1815,2579,0.03742663934826851,2025-10-13T18:07:07.427518
img_000_604_576_salt_pepper_0.1_non_local_means,nucmm\Mouse (NucMM-M)\mouse,baseline,denoised_salt_pepper_0.1_non_local_means,0.49411764705882355,False,0.9,479,245,234,0.02,2025-10-13T18:07:10.130378
img_508_200_576_clean,nucmm\Mouse (NucMM-M)\mouse,baseline,baseline,0.4666666666666667,False,0.9,5145,1939,3206,0.06737122312188148,2025-10-13T18:07:12.383997
img_508_200_576_gaussian_0.05,nucmm\Mouse (NucMM-M)\mouse,baseline,noised_gaussian_0.05,0.4666666666666667,False,0.9,5546,2070,3476,0.06749052554368973,2025-10-13T18:07:15.090592
img_508_200_576_gaussian_0.1,nucmm\Mouse (NucMM-M)\mouse,baseline,noised_gaussian_0.1,0.4666666666666667,False,0.9,5603,2098,3505,0.06786449253559113,2025-10-13T18:07:18.136138
img_508_200_576_salt_pepper_0.05,nucmm\Mouse (NucMM-M)\mouse,baseline,noised_salt_pepper_0.05,0.44313725490196076,False,0.9,6111,2377,3734,0.0978858657181263,2025-10-13T18:07:20.760544
img_508_200_576_salt_pepper_0.1,nucmm\Mouse (NucMM-M)\mouse,baseline,noised_salt_pepper_0.1,0.43137254901960786,False,0.9,6879,2695,4184,0.12,2025-10-13T18:07:23.404663
img_508_200_576_gaussian_0.05_median_filter,nucmm\Mouse (NucMM-M)\mouse,baseline,denoised_gaussian_0.05_median_filter,0.4627450980392157,False,0.9,751,370,381,0.02,2025-10-13T18:07:26.039739
img_508_200_576_gaussian_0.05_bilateral_filter,nucmm\Mouse (NucMM-M)\mouse,baseline,denoised_gaussian_0.05_bilateral_filter,0.4666666666666667,False,0.9,427,193,234,0.02,2025-10-13T18:07:28.273241
img_508_200_576_gaussian_0.05_non_local_means,nucmm\Mouse (NucMM-M)\mouse,baseline,denoised_gaussian_0.05_non_local_means,0.5372549019607843,False,0.9,88,49,39,0.02,2025-10-13T18:07:30.951908
img_508_200_576_gaussian_0.1_median_filter,nucmm\Mouse (NucMM-M)\mouse,baseline,denoised_gaussian_0.1_median_filter,0.4627450980392157,False,0.9,757,363,394,0.02,2025-10-13T18:07:33.524684
img_508_200_576_gaussian_0.1_bilateral_filter,nucmm\Mouse (NucMM-M)\mouse,baseline,denoised_gaussian_0.1_bilateral_filter,0.4666666666666667,False,0.9,422,185,237,0.02,2025-10-13T18:07:35.823768
img_508_200_576_gaussian_0.1_non_local_means,nucmm\Mouse (NucMM-M)\mouse,baseline,denoised_gaussian_0.1_non_local_means,0.5372549019607843,False,0.9,83,47,36,0.02,2025-10-13T18:07:38.282134
img_508_200_576_salt_pepper_0.05_median_filter,nucmm\Mouse (NucMM-M)\mouse,baseline,denoised_salt_pepper_0.05_median_filter,0.4666666666666667,False,0.9,663,317,346,0.02,2025-10-13T18:07:40.393469
img_508_200_576_salt_pepper_0.05_bilateral_filter,nucmm\Mouse (NucMM-M)\mouse,baseline,denoised_salt_pepper_0.05_bilateral_filter,0.4823529411764706,False,0.9,2168,971,1197,0.02,2025-10-13T18:07:42.622928
img_508_200_576_salt_pepper_0.05_non_local_means,nucmm\Mouse (NucMM-M)\mouse,baseline,denoised_salt_pepper_0.05_non_local_means,0.5372549019607843,False,0.9,367,180,187,0.02,2025-10-13T18:07:45.350386
img_508_200_576_salt_pepper_0.1_median_filter,nucmm\Mouse (NucMM-M)\mouse,baseline,denoised_salt_pepper_0.1_median_filter,0.4666666666666667,False,0.9,713,347,366,0.02,2025-10-13T18:07:48.242606
img_508_200_576_salt_pepper_0.1_bilateral_filter,nucmm\Mouse (NucMM-M)\mouse,baseline,denoised_salt_pepper_0.1_bilateral_filter,0.4823529411764706,False,0.9,3724,1577,2147,0.04414716549217701,2025-10-13T18:07:50.595327
img_508_200_576_salt_pepper_0.1_non_local_means,nucmm\Mouse (NucMM-M)\mouse,baseline,denoised_salt_pepper_0.1_non_local_means,0.5372549019607843,False,0.9,580,311,269,0.02,2025-10-13T18:07:53.290430
img_508_604_200_clean,nucmm\Mouse (NucMM-M)\mouse,baseline,baseline,0.596078431372549,False,0.9,6004,2340,3664,0.07378541864454746,2025-10-13T18:07:55.698614
img_508_604_200_gaussian_0.05,nucmm\Mouse (NucMM-M)\mouse,baseline,noised_gaussian_0.05,0.596078431372549,False,0.9,6450,2479,3971,0.07433843426406384,2025-10-13T18:07:58.348490
img_508_604_200_gaussian_0.1,nucmm\Mouse (NucMM-M)\mouse,baseline,noised_gaussian_0.1,0.596078431372549,False,0.9,6406,2478,3928,0.07400068826973438,2025-10-13T18:08:01.217072
img_508_604_200_salt_pepper_0.05,nucmm\Mouse (NucMM-M)\mouse,baseline,noised_salt_pepper_0.05,0.32941176470588235,False,0.9,6826,2703,4123,0.10402699559926987,2025-10-13T18:08:04.200324
img_508_604_200_salt_pepper_0.1,nucmm\Mouse (NucMM-M)\mouse,baseline,noised_salt_pepper_0.1,0.3176470588235294,False,0.9,7492,2982,4510,0.12,2025-10-13T18:08:06.999406
img_508_604_200_gaussian_0.05_median_filter,nucmm\Mouse (NucMM-M)\mouse,baseline,denoised_gaussian_0.05_median_filter,0.4117647058823529,False,0.9,1032,509,523,0.02,2025-10-13T18:08:09.718142
img_508_604_200_gaussian_0.05_bilateral_filter,nucmm\Mouse (NucMM-M)\mouse,baseline,denoised_gaussian_0.05_bilateral_filter,0.4196078431372549,False,0.9,650,288,362,0.02,2025-10-13T18:08:12.049232
img_508_604_200_gaussian_0.05_non_local_means,nucmm\Mouse (NucMM-M)\mouse,baseline,denoised_gaussian_0.05_non_local_means,0.5686274509803921,False,0.9,138,76,62,0.02,2025-10-13T18:08:14.595155
img_508_604_200_gaussian_0.1_median_filter,nucmm\Mouse (NucMM-M)\mouse,baseline,denoised_gaussian_0.1_median_filter,0.4117647058823529,False,0.9,1005,491,514,0.02,2025-10-13T18:08:16.871731
img_508_604_200_gaussian_0.1_bilateral_filter,nucmm\Mouse (NucMM-M)\mouse,baseline,denoised_gaussian_0.1_bilateral_filter,0.4196078431372549,False,0.9,642,285,357,0.02,2025-10-13T18:08:19.592019
img_508_604_200_gaussian_0.1_non_local_means,nucmm\Mouse (NucMM-M)\mouse,baseline,denoised_gaussian_0.1_non_local_means,0.5686274509803921,False,0.9,133,73,60,0.02,2025-10-13T18:08:22.030063
img_508_604_200_salt_pepper_0.05_median_filter,nucmm\Mouse (NucMM-M)\mouse,baseline,denoised_salt_pepper_0.05_median_filter,0.4117647058823529,False,0.9,920,469,451,0.02,2025-10-13T18:08:24.102242
img_508_604_200_salt_pepper_0.05_bilateral_filter,nucmm\Mouse (NucMM-M)\mouse,baseline,denoised_salt_pepper_0.05_bilateral_filter,0.5019607843137255,False,0.9,2859,1168,1691,0.02,2025-10-13T18:08:26.443736
img_508_604_200_salt_pepper_0.05_non_local_means,nucmm\Mouse (NucMM-M)\mouse,baseline,denoised_salt_pepper_0.05_non_local_means,0.5725490196078431,False,0.9,592,311,281,0.02,2025-10-13T18:08:29.034733
img_508_604_200_salt_pepper_0.1_median_filter,nucmm\Mouse (NucMM-M)\mouse,baseline,denoised_salt_pepper_0.1_median_filter,0.4117647058823529,False,0.9,949,478,471,0.02,2025-10-13T18:08:31.595115
img_508_604_200_salt_pepper_0.1_bilateral_filter,nucmm\Mouse (NucMM-M)\mouse,baseline,denoised_salt_pepper_0.1_bilateral_filter,0.48627450980392156,False,0.9,4594,1861,2733,0.03207745961844921,2025-10-13T18:08:34.335759
img_508_604_200_salt_pepper_0.1_non_local_means,nucmm\Mouse (NucMM-M)\mouse,baseline,denoised_salt_pepper_0.1_non_local_means,0.5568627450980392,False,0.9,988,510,478,0.02,2025-10-13T18:08:36.991564
img_0000_0576_0768_clean,nucmm\Zebrafish (NucMM-Z)\zebrafish,baseline,baseline,0.6078431372549019,True,0.9,818,324,494,0.12,2025-10-13T18:09:11.424580
img_0000_0576_0768_gaussian_0.05,nucmm\Zebrafish (NucMM-Z)\zebrafish,baseline,noised_gaussian_0.05,0.6039215686274509,True,0.9,824,326,498,0.12,2025-10-13T18:09:25.820371
img_0000_0576_0768_gaussian_0.1,nucmm\Zebrafish (NucMM-Z)\zebrafish,baseline,noised_gaussian_0.1,0.6039215686274509,True,0.9,835,329,506,0.12,2025-10-13T18:09:30.148750
img_0000_0576_0768_salt_pepper_0.05,nucmm\Zebrafish (NucMM-Z)\zebrafish,baseline,noised_salt_pepper_0.05,0.6274509803921569,True,0.9,881,348,533,0.12,2025-10-13T18:09:34.052626
img_0000_0576_0768_salt_pepper_0.1,nucmm\Zebrafish (NucMM-Z)\zebrafish,baseline,noised_salt_pepper_0.1,0.6392156862745098,True,0.9,932,370,562,0.12,2025-10-13T18:09:36.470306
img_0000_0576_0768_gaussian_0.05_median_filter,nucmm\Zebrafish (NucMM-Z)\zebrafish,baseline,denoised_gaussian_0.05_median_filter,0.596078431372549,True,0.9,170,79,91,0.02461409568786621,2025-10-13T18:09:39.609637
img_0000_0576_0768_gaussian_0.05_bilateral_filter,nucmm\Zebrafish (NucMM-Z)\zebrafish,baseline,denoised_gaussian_0.05_bilateral_filter,0.5725490196078431,True,0.9,220,82,138,0.02,2025-10-13T18:09:43.450578
img_0000_0576_0768_gaussian_0.05_non_local_means,nucmm\Zebrafish (NucMM-Z)\zebrafish,baseline,denoised_gaussian_0.05_non_local_means,0.4196078431372549,True,0.9,24,16,8,0.02,2025-10-13T18:09:46.683489
img_0000_0576_0768_gaussian_0.1_median_filter,nucmm\Zebrafish (NucMM-Z)\zebrafish,baseline,denoised_gaussian_0.1_median_filter,0.596078431372549,True,0.9,170,89,81,0.02457260526716709,2025-10-13T18:09:50.523966
img_0000_0576_0768_gaussian_0.1_bilateral_filter,nucmm\Zebrafish (NucMM-Z)\zebrafish,baseline,denoised_gaussian_0.1_bilateral_filter,0.5725490196078431,True,0.9,227,80,147,0.02,2025-10-13T18:09:54.589865
img_0000_0576_0768_gaussian_0.1_non_local_means,nucmm\Zebrafish (NucMM-Z)\zebrafish,baseline,denoised_gaussian_0.1_non_local_means,0.4196078431372549,True,0.9,23,15,8,0.02,2025-10-13T18:09:58.265013
img_0000_0576_0768_salt_pepper_0.05_median_filter,nucmm\Zebrafish (NucMM-Z)\zebrafish,baseline,denoised_salt_pepper_0.05_median_filter,0.596078431372549,True,0.9,166,80,86,0.025697861798107624,2025-10-13T18:10:02.724422
img_0000_0576_0768_salt_pepper_0.05_bilateral_filter,nucmm\Zebrafish (NucMM-Z)\zebrafish,baseline,denoised_salt_pepper_0.05_bilateral_filter,0.5529411764705883,True,0.9,490,189,301,0.0256235646083951,2025-10-13T18:10:06.970339
img_0000_0576_0768_salt_pepper_0.05_non_local_means,nucmm\Zebrafish (NucMM-Z)\zebrafish,baseline,denoised_salt_pepper_0.05_non_local_means,0.4235294117647059,True,0.9,54,30,24,0.02,2025-10-13T18:10:10.799955
img_0000_0576_0768_salt_pepper_0.1_median_filter,nucmm\Zebrafish (NucMM-Z)\zebrafish,baseline,denoised_salt_pepper_0.1_median_filter,0.6,True,0.9,170,89,81,0.027253459207713604,2025-10-13T18:10:14.295055
img_0000_0576_0768_salt_pepper_0.1_bilateral_filter,nucmm\Zebrafish (NucMM-Z)\zebrafish,baseline,denoised_salt_pepper_0.1_bilateral_filter,0.5411764705882353,True,0.9,666,253,413,0.04339597932994366,2025-10-13T18:10:17.221984
img_0000_0576_0768_salt_pepper_0.1_non_local_means,nucmm\Zebrafish (NucMM-Z)\zebrafish,baseline,denoised_salt_pepper_0.1_non_local_means,0.4235294117647059,True,0.9,84,51,33,0.02,2025-10-13T18:10:22.245985
img_0000_0704_0832_clean,nucmm\Zebrafish (NucMM-Z)\zebrafish,baseline,baseline,0.7019607843137254,False,0.9,533,207,326,0.12,2025-10-13T18:10:25.805433
img_0000_0704_0832_gaussian_0.05,nucmm\Zebrafish (NucMM-Z)\zebrafish,baseline,noised_gaussian_0.05,0.7019607843137254,False,0.9,533,208,325,0.12,2025-10-13T18:10:29.253258
img_0000_0704_0832_gaussian_0.1,nucmm\Zebrafish (NucMM-Z)\zebrafish,baseline,noised_gaussian_0.1,0.7019607843137254,False,0.9,541,211,330,0.12,2025-10-13T18:10:32.414775
img_0000_0704_0832_salt_pepper_0.05,nucmm\Zebrafish (NucMM-Z)\zebrafish,baseline,noised_salt_pepper_0.05,0.6745098039215687,False,0.9,649,257,392,0.12,2025-10-13T18:10:34.816905
img_0000_0704_0832_salt_pepper_0.1,nucmm\Zebrafish (NucMM-Z)\zebrafish,baseline,noised_salt_pepper_0.1,0.5843137254901961,False,0.9,743,310,433,0.12,2025-10-13T18:10:37.595746
img_0000_0704_0832_gaussian_0.05_median_filter,nucmm\Zebrafish (NucMM-Z)\zebrafish,baseline,denoised_gaussian_0.05_median_filter,0.7411764705882353,False,0.9,124,74,50,0.08469626493752003,2025-10-13T18:10:40.554852
img_0000_0704_0832_gaussian_0.05_bilateral_filter,nucmm\Zebrafish (NucMM-Z)\zebrafish,baseline,denoised_gaussian_0.05_bilateral_filter,0.6980392156862745,False,0.9,202,104,98,0.04818749986588955,2025-10-13T18:10:43.670533
img_0000_0704_0832_gaussian_0.05_non_local_means,nucmm\Zebrafish (NucMM-Z)\zebrafish,baseline,denoised_gaussian_0.05_non_local_means,0.7294117647058823,False,0.9,63,37,26,0.02,2025-10-13T18:10:46.432367
img_0000_0704_0832_gaussian_0.1_median_filter,nucmm\Zebrafish (NucMM-Z)\zebrafish,baseline,denoised_gaussian_0.1_median_filter,0.7372549019607844,False,0.9,124,74,50,0.08497317507863045,2025-10-13T18:10:49.798573
img_0000_0704_0832_gaussian_0.1_bilateral_filter,nucmm\Zebrafish (NucMM-Z)\zebrafish,baseline,denoised_gaussian_0.1_bilateral_filter,0.6980392156862745,False,0.9,202,105,97,0.047989994287490845,2025-10-13T18:10:53.243892
img_0000_0704_0832_gaussian_0.1_non_local_means,nucmm\Zebrafish (NucMM-Z)\zebrafish,baseline,denoised_gaussian_0.1_non_local_means,0.7294117647058823,False,0.9,61,36,25,0.02,2025-10-13T18:10:57.360864
img_0000_0704_0832_salt_pepper_0.05_median_filter,nucmm\Zebrafish (NucMM-Z)\zebrafish,baseline,denoised_salt_pepper_0.05_median_filter,0.7411764705882353,False,0.9,118,68,50,0.08566603437066078,2025-10-13T18:11:00.467943
img_0000_0704_0832_salt_pepper_0.05_bilateral_filter,nucmm\Zebrafish (NucMM-Z)\zebrafish,baseline,denoised_salt_pepper_0.05_bilateral_filter,0.6549019607843137,False,0.9,366,178,188,0.0656469538807869,2025-10-13T18:11:03.902051
img_0000_0704_0832_salt_pepper_0.05_non_local_means,nucmm\Zebrafish (NucMM-Z)\zebrafish,baseline,denoised_salt_pepper_0.05_non_local_means,0.7215686274509804,False,0.9,100,60,40,0.02,2025-10-13T18:11:07.069624
img_0000_0704_0832_salt_pepper_0.1_median_filter,nucmm\Zebrafish (NucMM-Z)\zebrafish,baseline,denoised_salt_pepper_0.1_median_filter,0.7411764705882353,False,0.9,123,72,51,0.08914162404835224,2025-10-13T18:11:10.156593
img_0000_0704_0832_salt_pepper_0.1_bilateral_filter,nucmm\Zebrafish (NucMM-Z)\zebrafish,baseline,denoised_salt_pepper_0.1_bilateral_filter,0.5843137254901961,False,0.9,510,247,263,0.10185601562261581,2025-10-13T18:11:13.156424
img_0000_0704_0832_salt_pepper_0.1_non_local_means,nucmm\Zebrafish (NucMM-Z)\zebrafish,baseline,denoised_salt_pepper_0.1_non_local_means,0.7058823529411765,False,0.9,122,69,53,0.02,2025-10-13T18:11:19.023256
img_0064_0384_0832_clean,nucmm\Zebrafish (NucMM-Z)\zebrafish,baseline,baseline,0.12549019607843137,True,0.9,659,321,338,0.12,2025-10-13T18:11:22.683230
img_0064_0384_0832_gaussian_0.05,nucmm\Zebrafish (NucMM-Z)\zebrafish,baseline,noised_gaussian_0.05,0.12549019607843137,True,0.9,665,327,338,0.12,2025-10-13T18:11:26.557950
img_0064_0384_0832_gaussian_0.1,nucmm\Zebrafish (NucMM-Z)\zebrafish,baseline,noised_gaussian_0.1,0.12549019607843137,True,0.9,657,322,335,0.12,2025-10-13T18:11:28.871270
img_0064_0384_0832_salt_pepper_0.05,nucmm\Zebrafish (NucMM-Z)\zebrafish,baseline,noised_salt_pepper_0.05,0.5294117647058824,True,0.9,723,359,364,0.12,2025-10-13T18:11:31.320855
img_0064_0384_0832_salt_pepper_0.1,nucmm\Zebrafish (NucMM-Z)\zebrafish,baseline,noised_salt_pepper_0.1,0.5294117647058824,True,0.9,757,373,384,0.12,2025-10-13T18:11:33.851583
img_0064_0384_0832_gaussian_0.05_median_filter,nucmm\Zebrafish (NucMM-Z)\zebrafish,baseline,denoised_gaussian_0.05_median_filter,0.10980392156862745,True,0.9,152,81,71,0.026189016178250313,2025-10-13T18:11:36.096074
img_0064_0384_0832_gaussian_0.05_bilateral_filter,nucmm\Zebrafish (NucMM-Z)\zebrafish,baseline,denoised_gaussian_0.05_bilateral_filter,0.47843137254901963,True,0.9,227,91,136,0.02,2025-10-13T18:11:38.853025
img_0064_0384_0832_gaussian_0.05_non_local_means,nucmm\Zebrafish (NucMM-Z)\zebrafish,baseline,denoised_gaussian_0.05_non_local_means,0.09411764705882353,True,0.9,16,14,2,0.02,2025-10-13T18:11:40.993660
img_0064_0384_0832_gaussian_0.1_median_filter,nucmm\Zebrafish (NucMM-Z)\zebrafish,baseline,denoised_gaussian_0.1_median_filter,0.10980392156862745,True,0.9,152,83,69,0.02624925971031189,2025-10-13T18:11:42.807147
img_0064_0384_0832_gaussian_0.1_bilateral_filter,nucmm\Zebrafish (NucMM-Z)\zebrafish,baseline,denoised_gaussian_0.1_bilateral_filter,0.47843137254901963,True,0.9,222,87,135,0.02,2025-10-13T18:11:44.903467
img_0064_0384_0832_gaussian_0.1_non_local_means,nucmm\Zebrafish (NucMM-Z)\zebrafish,baseline,denoised_gaussian_0.1_non_local_means,0.09411764705882353,True,0.9,15,14,1,0.02,2025-10-13T18:11:47.919804
img_0064_0384_0832_salt_pepper_0.05_median_filter,nucmm\Zebrafish (NucMM-Z)\zebrafish,baseline,denoised_salt_pepper_0.05_median_filter,0.10980392156862745,True,0.9,166,92,74,0.02749811578541994,2025-10-13T18:11:50.028658
img_0064_0384_0832_salt_pepper_0.05_bilateral_filter,nucmm\Zebrafish (NucMM-Z)\zebrafish,baseline,denoised_salt_pepper_0.05_bilateral_filter,0.42745098039215684,True,0.9,345,172,173,0.028982246294617653,2025-10-13T18:11:52.455842
img_0064_0384_0832_salt_pepper_0.05_non_local_means,nucmm\Zebrafish (NucMM-Z)\zebrafish,baseline,denoised_salt_pepper_0.05_non_local_means,0.11372549019607843,True,0.9,61,40,21,0.02,2025-10-13T18:11:54.620047
img_0064_0384_0832_salt_pepper_0.1_median_filter,nucmm\Zebrafish (NucMM-Z)\zebrafish,baseline,denoised_salt_pepper_0.1_median_filter,0.10980392156862745,True,0.9,160,89,71,0.02885589748620987,2025-10-13T18:11:56.743427
img_0064_0384_0832_salt_pepper_0.1_bilateral_filter,nucmm\Zebrafish (NucMM-Z)\zebrafish,baseline,denoised_salt_pepper_0.1_bilateral_filter,0.4549019607843137,True,0.9,430,237,193,0.060237474739551544,2025-10-13T18:11:59.021642
img_0064_0384_0832_salt_pepper_0.1_non_local_means,nucmm\Zebrafish (NucMM-Z)\zebrafish,baseline,denoised_salt_pepper_0.1_non_local_means,0.1411764705882353,True,0.9,110,67,43,0.02,2025-10-13T18:12:01.438355
img_0064_0448_0960_clean,nucmm\Zebrafish (NucMM-Z)\zebrafish,baseline,baseline,0.5764705882352941,False,0.9,625,261,364,0.12,2025-10-13T18:12:03.753407
img_0064_0448_0960_gaussian_0.05,nucmm\Zebrafish (NucMM-Z)\zebrafish,baseline,noised_gaussian_0.05,0.5803921568627451,False,0.9,641,262,379,0.12,2025-10-13T18:12:08.771839
img_0064_0448_0960_gaussian_0.1,nucmm\Zebrafish (NucMM-Z)\zebrafish,baseline,noised_gaussian_0.1,0.5803921568627451,False,0.9,635,262,373,0.12,2025-10-13T18:12:11.045981
img_0064_0448_0960_salt_pepper_0.05,nucmm\Zebrafish (NucMM-Z)\zebrafish,baseline,noised_salt_pepper_0.05,0.5686274509803921,False,0.9,717,309,408,0.12,2025-10-13T18:12:13.205462
img_0064_0448_0960_salt_pepper_0.1,nucmm\Zebrafish (NucMM-Z)\zebrafish,baseline,noised_salt_pepper_0.1,0.5607843137254902,False,0.9,793,329,464,0.12,2025-10-13T18:12:15.845925
img_0064_0448_0960_gaussian_0.05_median_filter,nucmm\Zebrafish (NucMM-Z)\zebrafish,baseline,denoised_gaussian_0.05_median_filter,0.615686274509804,False,0.9,121,71,50,0.12,2025-10-13T18:12:18.692743
img_0064_0448_0960_gaussian_0.05_bilateral_filter,nucmm\Zebrafish (NucMM-Z)\zebrafish,baseline,denoised_gaussian_0.05_bilateral_filter,0.5843137254901961,False,0.9,320,166,154,0.12,2025-10-13T18:12:22.337133
img_0064_0448_0960_gaussian_0.05_non_local_means,nucmm\Zebrafish (NucMM-Z)\zebrafish,baseline,denoised_gaussian_0.05_non_local_means,0.5882352941176471,False,0.9,59,33,26,0.02,2025-10-13T18:12:24.719800
img_0064_0448_0960_gaussian_0.1_median_filter,nucmm\Zebrafish (NucMM-Z)\zebrafish,baseline,denoised_gaussian_0.1_median_filter,0.615686274509804,False,0.9,120,71,49,0.12,2025-10-13T18:12:26.704059
img_0064_0448_0960_gaussian_0.1_bilateral_filter,nucmm\Zebrafish (NucMM-Z)\zebrafish,baseline,denoised_gaussian_0.1_bilateral_filter,0.5843137254901961,False,0.9,312,162,150,0.12,2025-10-13T18:12:28.805758
img_0064_0448_0960_gaussian_0.1_non_local_means,nucmm\Zebrafish (NucMM-Z)\zebrafish,baseline,denoised_gaussian_0.1_non_local_means,0.5882352941176471,False,0.9,58,31,27,0.02,2025-10-13T18:12:31.537246
img_0064_0448_0960_salt_pepper_0.05_median_filter,nucmm\Zebrafish (NucMM-Z)\zebrafish,baseline,denoised_salt_pepper_0.05_median_filter,0.6196078431372549,False,0.9,135,83,52,0.12,2025-10-13T18:12:34.742581
img_0064_0448_0960_salt_pepper_0.05_bilateral_filter,nucmm\Zebrafish (NucMM-Z)\zebrafish,baseline,denoised_salt_pepper_0.05_bilateral_filter,0.5764705882352941,False,0.9,480,238,242,0.12,2025-10-13T18:12:36.990201
img_0064_0448_0960_salt_pepper_0.05_non_local_means,nucmm\Zebrafish (NucMM-Z)\zebrafish,baseline,denoised_salt_pepper_0.05_non_local_means,0.5882352941176471,False,0.9,78,43,35,0.02,2025-10-13T18:12:39.292651
img_0064_0448_0960_salt_pepper_0.1_median_filter,nucmm\Zebrafish (NucMM-Z)\zebrafish,baseline,denoised_salt_pepper_0.1_median_filter,0.6235294117647059,False,0.9,124,74,50,0.12,2025-10-13T18:12:41.612847
img_0064_0448_0960_salt_pepper_0.1_bilateral_filter,nucmm\Zebrafish (NucMM-Z)\zebrafish,baseline,denoised_salt_pepper_0.1_bilateral_filter,0.5686274509803921,False,0.9,610,280,330,0.12,2025-10-13T18:12:43.689956
img_0064_0448_0960_salt_pepper_0.1_non_local_means,nucmm\Zebrafish (NucMM-Z)\zebrafish,baseline,denoised_salt_pepper_0.1_non_local_means,0.5803921568627451,False,0.9,81,44,37,0.02,2025-10-13T18:12:46.114153
img_0064_0576_0640_clean,nucmm\Zebrafish (NucMM-Z)\zebrafish,baseline,baseline,0.4627450980392157,True,0.9,439,224,215,0.12,2025-10-13T18:12:49.914008
img_0064_0576_0640_gaussian_0.05,nucmm\Zebrafish (NucMM-Z)\zebrafish,baseline,noised_gaussian_0.05,0.4588235294117647,True,0.9,455,235,220,0.12,2025-10-13T18:12:52.686622
img_0064_0576_0640_gaussian_0.1,nucmm\Zebrafish (NucMM-Z)\zebrafish,baseline,noised_gaussian_0.1,0.4588235294117647,True,0.9,453,233,220,0.12,2025-10-13T18:12:54.800950
img_0064_0576_0640_salt_pepper_0.05,nucmm\Zebrafish (NucMM-Z)\zebrafish,baseline,noised_salt_pepper_0.05,0.4666666666666667,True,0.9,546,270,276,0.12,2025-10-13T18:12:57.303947
img_0064_0576_0640_salt_pepper_0.1,nucmm\Zebrafish (NucMM-Z)\zebrafish,baseline,noised_salt_pepper_0.1,0.4666666666666667,True,0.9,605,301,304,0.12,2025-10-13T18:12:59.440409
img_0064_0576_0640_gaussian_0.05_median_filter,nucmm\Zebrafish (NucMM-Z)\zebrafish,baseline,denoised_gaussian_0.05_median_filter,0.4392156862745098,True,0.9,87,58,29,0.12,2025-10-13T18:13:01.780094
img_0064_0576_0640_gaussian_0.05_bilateral_filter,nucmm\Zebrafish (NucMM-Z)\zebrafish,baseline,denoised_gaussian_0.05_bilateral_filter,0.43529411764705883,True,0.9,293,111,182,0.12,2025-10-13T18:13:03.858108
img_0064_0576_0640_gaussian_0.05_non_local_means,nucmm\Zebrafish (NucMM-Z)\zebrafish,baseline,denoised_gaussian_0.05_non_local_means,0.3411764705882353,True,0.9,40,27,13,0.02,2025-10-13T18:13:06.838712
img_0064_0576_0640_gaussian_0.1_median_filter,nucmm\Zebrafish (NucMM-Z)\zebrafish,baseline,denoised_gaussian_0.1_median_filter,0.4392156862745098,True,0.9,84,55,29,0.12,2025-10-13T18:13:09.671743
img_0064_0576_0640_gaussian_0.1_bilateral_filter,nucmm\Zebrafish (NucMM-Z)\zebrafish,baseline,denoised_gaussian_0.1_bilateral_filter,0.43529411764705883,True,0.9,295,111,184,0.12,2025-10-13T18:13:11.480482
img_0064_0576_0640_gaussian_0.1_non_local_means,nucmm\Zebrafish (NucMM-Z)\zebrafish,baseline,denoised_gaussian_0.1_non_local_means,0.3411764705882353,True,0.9,40,29,11,0.02,2025-10-13T18:13:13.640505
img_0064_0576_0640_salt_pepper_0.05_median_filter,nucmm\Zebrafish (NucMM-Z)\zebrafish,baseline,denoised_salt_pepper_0.05_median_filter,0.44313725490196076,True,0.9,90,58,32,0.12,2025-10-13T18:13:15.599549
img_0064_0576_0640_salt_pepper_0.05_bilateral_filter,nucmm\Zebrafish (NucMM-Z)\zebrafish,baseline,denoised_salt_pepper_0.05_bilateral_filter,0.4392156862745098,True,0.9,431,168,263,0.12,2025-10-13T18:13:18.248357
img_0064_0576_0640_salt_pepper_0.05_non_local_means,nucmm\Zebrafish (NucMM-Z)\zebrafish,baseline,denoised_salt_pepper_0.05_non_local_means,0.36470588235294116,True,0.9,50,31,19,0.02,2025-10-13T18:13:21.876965
img_0064_0576_0640_salt_pepper_0.1_median_filter,nucmm\Zebrafish (NucMM-Z)\zebrafish,baseline,denoised_salt_pepper_0.1_median_filter,0.44313725490196076,True,0.9,97,60,37,0.12,2025-10-13T18:13:23.733517
img_0064_0576_0640_salt_pepper_0.1_bilateral_filter,nucmm\Zebrafish (NucMM-Z)\zebrafish,baseline,denoised_salt_pepper_0.1_bilateral_filter,0.45098039215686275,True,0.9,543,234,309,0.12,2025-10-13T18:13:25.605353
img_0064_0576_0640_salt_pepper_0.1_non_local_means,nucmm\Zebrafish (NucMM-Z)\zebrafish,baseline,denoised_salt_pepper_0.1_non_local_means,0.35294117647058826,True,0.9,65,41,24,0.02,2025-10-13T18:13:28.307767
img_0064_0960_0896_clean,nucmm\Zebrafish (NucMM-Z)\zebrafish,baseline,baseline,0.44313725490196076,True,0.9,620,299,321,0.12,2025-10-13T18:13:30.746775
img_0064_0960_0896_gaussian_0.05,nucmm\Zebrafish (NucMM-Z)\zebrafish,baseline,noised_gaussian_0.05,0.44313725490196076,True,0.9,619,302,317,0.12,2025-10-13T18:13:34.008156
img_0064_0960_0896_gaussian_0.1,nucmm\Zebrafish (NucMM-Z)\zebrafish,baseline,noised_gaussian_0.1,0.44313725490196076,True,0.9,630,308,322,0.12,2025-10-13T18:13:36.570838
img_0064_0960_0896_salt_pepper_0.05,nucmm\Zebrafish (NucMM-Z)\zebrafish,baseline,noised_salt_pepper_0.05,0.4549019607843137,True,0.9,678,329,349,0.12,2025-10-13T18:13:38.744266
img_0064_0960_0896_salt_pepper_0.1,nucmm\Zebrafish (NucMM-Z)\zebrafish,baseline,noised_salt_pepper_0.1,0.4666666666666667,True,0.9,727,356,371,0.12,2025-10-13T18:13:40.779909
img_0064_0960_0896_gaussian_0.05_median_filter,nucmm\Zebrafish (NucMM-Z)\zebrafish,baseline,denoised_gaussian_0.05_median_filter,0.40784313725490196,True,0.9,141,78,63,0.04756421595811844,2025-10-13T18:13:43.071468
img_0064_0960_0896_gaussian_0.05_bilateral_filter,nucmm\Zebrafish (NucMM-Z)\zebrafish,baseline,denoised_gaussian_0.05_bilateral_filter,0.4117647058823529,True,0.9,234,89,145,0.021646756678819656,2025-10-13T18:13:45.020438
img_0064_0960_0896_gaussian_0.05_non_local_means,nucmm\Zebrafish (NucMM-Z)\zebrafish,baseline,denoised_gaussian_0.05_non_local_means,0.3333333333333333,True,0.9,39,24,15,0.02,2025-10-13T18:13:48.080407
img_0064_0960_0896_gaussian_0.1_median_filter,nucmm\Zebrafish (NucMM-Z)\zebrafish,baseline,denoised_gaussian_0.1_median_filter,0.40784313725490196,True,0.9,144,79,65,0.04722153581678867,2025-10-13T18:13:50.625213
img_0064_0960_0896_gaussian_0.1_bilateral_filter,nucmm\Zebrafish (NucMM-Z)\zebrafish,baseline,denoised_gaussian_0.1_bilateral_filter,0.4117647058823529,True,0.9,242,90,152,0.02169245481491089,2025-10-13T18:13:52.903067
img_0064_0960_0896_gaussian_0.1_non_local_means,nucmm\Zebrafish (NucMM-Z)\zebrafish,baseline,denoised_gaussian_0.1_non_local_means,0.3333333333333333,True,0.9,40,24,16,0.02,2025-10-13T18:13:55.292944
img_0064_0960_0896_salt_pepper_0.05_median_filter,nucmm\Zebrafish (NucMM-Z)\zebrafish,baseline,denoised_salt_pepper_0.05_median_filter,0.403921568627451,True,0.9,154,85,69,0.04874356649816036,2025-10-13T18:13:57.269689
img_0064_0960_0896_salt_pepper_0.05_bilateral_filter,nucmm\Zebrafish (NucMM-Z)\zebrafish,baseline,denoised_salt_pepper_0.05_bilateral_filter,0.4196078431372549,True,0.9,352,160,192,0.052334776148200035,2025-10-13T18:13:59.191240
img_0064_0960_0896_salt_pepper_0.05_non_local_means,nucmm\Zebrafish (NucMM-Z)\zebrafish,baseline,denoised_salt_pepper_0.05_non_local_means,0.3411764705882353,True,0.9,62,36,26,0.02,2025-10-13T18:14:01.989901
img_0064_0960_0896_salt_pepper_0.1_median_filter,nucmm\Zebrafish (NucMM-Z)\zebrafish,baseline,denoised_salt_pepper_0.1_median_filter,0.403921568627451,True,0.9,152,87,65,0.051941508427262306,2025-10-13T18:14:04.405619
img_0064_0960_0896_salt_pepper_0.1_bilateral_filter,nucmm\Zebrafish (NucMM-Z)\zebrafish,baseline,denoised_salt_pepper_0.1_bilateral_filter,0.43137254901960786,True,0.9,437,218,219,0.12,2025-10-13T18:14:06.346427
img_0064_0960_0896_salt_pepper_0.1_non_local_means,nucmm\Zebrafish (NucMM-Z)\zebrafish,baseline,denoised_salt_pepper_0.1_non_local_means,0.35294117647058826,True,0.9,75,47,28,0.02,2025-10-13T18:14:08.466035
img_0128_0384_0768_clean,nucmm\Zebrafish (NucMM-Z)\zebrafish,baseline,baseline,0.2196078431372549,True,0.9,799,323,476,0.12,2025-10-13T18:14:10.490716
img_0128_0384_0768_gaussian_0.05,nucmm\Zebrafish (NucMM-Z)\zebrafish,baseline,noised_gaussian_0.05,0.2196078431372549,True,0.9,814,333,481,0.12,2025-10-13T18:14:12.591582
img_0128_0384_0768_gaussian_0.1,nucmm\Zebrafish (NucMM-Z)\zebrafish,baseline,noised_gaussian_0.1,0.2196078431372549,True,0.9,806,326,480,0.12,2025-10-13T18:14:14.736650
img_0128_0384_0768_salt_pepper_0.05,nucmm\Zebrafish (NucMM-Z)\zebrafish,baseline,noised_salt_pepper_0.05,0.5450980392156862,True,0.9,851,348,503,0.12,2025-10-13T18:14:17.091498
img_0128_0384_0768_salt_pepper_0.1,nucmm\Zebrafish (NucMM-Z)\zebrafish,baseline,noised_salt_pepper_0.1,0.5529411764705883,True,0.9,920,376,544,0.12,2025-10-13T18:14:19.241560
img_0128_0384_0768_gaussian_0.05_median_filter,nucmm\Zebrafish (NucMM-Z)\zebrafish,baseline,denoised_gaussian_0.05_median_filter,0.38823529411764707,True,0.9,192,107,85,0.03193741478025913,2025-10-13T18:14:21.611133
img_0128_0384_0768_gaussian_0.05_bilateral_filter,nucmm\Zebrafish (NucMM-Z)\zebrafish,baseline,denoised_gaussian_0.05_bilateral_filter,0.45098039215686275,True,0.9,352,118,234,0.02,2025-10-13T18:14:23.652980
img_0128_0384_0768_gaussian_0.05_non_local_means,nucmm\Zebrafish (NucMM-Z)\zebrafish,baseline,denoised_gaussian_0.05_non_local_means,0.2235294117647059,True,0.9,52,33,19,0.02,2025-10-13T18:14:25.779113
img_0128_0384_0768_gaussian_0.1_median_filter,nucmm\Zebrafish (NucMM-Z)\zebrafish,baseline,denoised_gaussian_0.1_median_filter,0.38823529411764707,True,0.9,183,95,88,0.03190977685153484,2025-10-13T18:14:27.674729
img_0128_0384_0768_gaussian_0.1_bilateral_filter,nucmm\Zebrafish (NucMM-Z)\zebrafish,baseline,denoised_gaussian_0.1_bilateral_filter,0.45098039215686275,True,0.9,348,117,231,0.02,2025-10-13T18:14:29.691387
img_0128_0384_0768_gaussian_0.1_non_local_means,nucmm\Zebrafish (NucMM-Z)\zebrafish,baseline,denoised_gaussian_0.1_non_local_means,0.2235294117647059,True,0.9,55,32,23,0.02,2025-10-13T18:14:32.055343
img_0128_0384_0768_salt_pepper_0.05_median_filter,nucmm\Zebrafish (NucMM-Z)\zebrafish,baseline,denoised_salt_pepper_0.05_median_filter,0.38823529411764707,True,0.9,161,82,79,0.03232974372804165,2025-10-13T18:14:34.862639
img_0128_0384_0768_salt_pepper_0.05_bilateral_filter,nucmm\Zebrafish (NucMM-Z)\zebrafish,baseline,denoised_salt_pepper_0.05_bilateral_filter,0.4470588235294118,True,0.9,508,206,302,0.036987815983593464,2025-10-13T18:14:37.593395
img_0128_0384_0768_salt_pepper_0.05_non_local_means,nucmm\Zebrafish (NucMM-Z)\zebrafish,baseline,denoised_salt_pepper_0.05_non_local_means,0.21176470588235294,True,0.9,80,47,33,0.02,2025-10-13T18:14:39.775048
img_0128_0384_0768_salt_pepper_0.1_median_filter,nucmm\Zebrafish (NucMM-Z)\zebrafish,baseline,denoised_salt_pepper_0.1_median_filter,0.43137254901960786,True,0.9,192,103,89,0.03563128598034382,2025-10-13T18:14:41.671179
img_0128_0384_0768_salt_pepper_0.1_bilateral_filter,nucmm\Zebrafish (NucMM-Z)\zebrafish,baseline,denoised_salt_pepper_0.1_bilateral_filter,0.4745098039215686,True,0.9,644,267,377,0.06950578652322292,2025-10-13T18:14:43.855096
img_0128_0384_0768_salt_pepper_0.1_non_local_means,nucmm\Zebrafish (NucMM-Z)\zebrafish,baseline,denoised_salt_pepper_0.1_non_local_means,0.25098039215686274,True,0.9,146,84,62,0.02,2025-10-13T18:14:46.019761
img_0128_0448_0768_clean,nucmm\Zebrafish (NucMM-Z)\zebrafish,baseline,baseline,0.4823529411764706,True,0.9,754,303,451,0.12,2025-10-13T18:14:48.271411
img_0128_0448_0768_gaussian_0.05,nucmm\Zebrafish (NucMM-Z)\zebrafish,baseline,noised_gaussian_0.05,0.47843137254901963,True,0.9,765,307,458,0.12,2025-10-13T18:14:50.466958
img_0128_0448_0768_gaussian_0.1,nucmm\Zebrafish (NucMM-Z)\zebrafish,baseline,noised_gaussian_0.1,0.47843137254901963,True,0.9,766,309,457,0.12,2025-10-13T18:14:53.056035
img_0128_0448_0768_salt_pepper_0.05,nucmm\Zebrafish (NucMM-Z)\zebrafish,baseline,noised_salt_pepper_0.05,0.5098039215686274,True,0.9,818,337,481,0.12,2025-10-13T18:14:55.214441
img_0128_0448_0768_salt_pepper_0.1,nucmm\Zebrafish (NucMM-Z)\zebrafish,baseline,noised_salt_pepper_0.1,0.5254901960784314,True,0.9,871,361,510,0.12,2025-10-13T18:14:57.296778
img_0128_0448_0768_gaussian_0.05_median_filter,nucmm\Zebrafish (NucMM-Z)\zebrafish,baseline,denoised_gaussian_0.05_median_filter,0.45098039215686275,True,0.9,154,84,70,0.034855873323976994,2025-10-13T18:14:59.389431
img_0128_0448_0768_gaussian_0.05_bilateral_filter,nucmm\Zebrafish (NucMM-Z)\zebrafish,baseline,denoised_gaussian_0.05_bilateral_filter,0.4470588235294118,True,0.9,288,105,183,0.02047450840473175,2025-10-13T18:15:01.298120
img_0128_0448_0768_gaussian_0.05_non_local_means,nucmm\Zebrafish (NucMM-Z)\zebrafish,baseline,denoised_gaussian_0.05_non_local_means,0.3568627450980392,True,0.9,39,25,14,0.02,2025-10-13T18:15:03.608233
img_0128_0448_0768_gaussian_0.1_median_filter,nucmm\Zebrafish (NucMM-Z)\zebrafish,baseline,denoised_gaussian_0.1_median_filter,0.45098039215686275,True,0.9,159,89,70,0.03456478100270033,2025-10-13T18:15:05.413479
img_0128_0448_0768_gaussian_0.1_bilateral_filter,nucmm\Zebrafish (NucMM-Z)\zebrafish,baseline,denoised_gaussian_0.1_bilateral_filter,0.4470588235294118,True,0.9,291,104,187,0.020462495740503073,2025-10-13T18:15:07.792570
img_0128_0448_0768_gaussian_0.1_non_local_means,nucmm\Zebrafish (NucMM-Z)\zebrafish,baseline,denoised_gaussian_0.1_non_local_means,0.3568627450980392,True,0.9,38,24,14,0.02,2025-10-13T18:15:10.250556
img_0128_0448_0768_salt_pepper_0.05_median_filter,nucmm\Zebrafish (NucMM-Z)\zebrafish,baseline,denoised_salt_pepper_0.05_median_filter,0.4588235294117647,True,0.9,163,85,78,0.037964447401463985,2025-10-13T18:15:12.043136
img_0128_0448_0768_salt_pepper_0.05_bilateral_filter,nucmm\Zebrafish (NucMM-Z)\zebrafish,baseline,denoised_salt_pepper_0.05_bilateral_filter,0.45098039215686275,True,0.9,456,193,263,0.04071376472711563,2025-10-13T18:15:13.964357
img_0128_0448_0768_salt_pepper_0.05_non_local_means,nucmm\Zebrafish (NucMM-Z)\zebrafish,baseline,denoised_salt_pepper_0.05_non_local_means,0.36470588235294116,True,0.9,87,48,39,0.02,2025-10-13T18:15:16.104629
img_0128_0448_0768_salt_pepper_0.1_median_filter,nucmm\Zebrafish (NucMM-Z)\zebrafish,baseline,denoised_salt_pepper_0.1_median_filter,0.4588235294117647,True,0.9,173,93,80,0.03829314932227135,2025-10-13T18:15:18.199870
img_0128_0448_0768_salt_pepper_0.1_bilateral_filter,nucmm\Zebrafish (NucMM-Z)\zebrafish,baseline,denoised_salt_pepper_0.1_bilateral_filter,0.4666666666666667,True,0.9,563,244,319,0.07508210465312004,2025-10-13T18:15:20.149806
img_0128_0448_0768_salt_pepper_0.1_non_local_means,nucmm\Zebrafish (NucMM-Z)\zebrafish,baseline,denoised_salt_pepper_0.1_non_local_means,0.36470588235294116,True,0.9,101,57,44,0.02,2025-10-13T18:15:22.510512
img_0128_0640_0256_clean,nucmm\Zebrafish (NucMM-Z)\zebrafish,baseline,baseline,0.5137254901960784,False,0.9,536,211,325,0.12,2025-10-13T18:15:24.590910
img_0128_0640_0256_gaussian_0.05,nucmm\Zebrafish (NucMM-Z)\zebrafish,baseline,noised_gaussian_0.05,0.5176470588235295,False,0.9,546,216,330,0.12,2025-10-13T18:15:26.639661
img_0128_0640_0256_gaussian_0.1,nucmm\Zebrafish (NucMM-Z)\zebrafish,baseline,noised_gaussian_0.1,0.5176470588235295,False,0.9,547,211,336,0.12,2025-10-13T18:15:28.682007
img_0128_0640_0256_salt_pepper_0.05,nucmm\Zebrafish (NucMM-Z)\zebrafish,baseline,noised_salt_pepper_0.05,0.5137254901960784,False,0.9,617,245,372,0.12,2025-10-13T18:15:30.701885
img_0128_0640_0256_salt_pepper_0.1,nucmm\Zebrafish (NucMM-Z)\zebrafish,baseline,noised_salt_pepper_0.1,0.5137254901960784,False,0.9,733,290,443,0.12,2025-10-13T18:15:33.008107
img_0128_0640_0256_gaussian_0.05_median_filter,nucmm\Zebrafish (NucMM-Z)\zebrafish,baseline,denoised_gaussian_0.05_median_filter,0.5019607843137255,False,0.9,110,68,42,0.12,2025-10-13T18:15:35.061752
img_0128_0640_0256_gaussian_0.05_bilateral_filter,nucmm\Zebrafish (NucMM-Z)\zebrafish,baseline,denoised_gaussian_0.05_bilateral_filter,0.49019607843137253,False,0.9,248,119,129,0.12,2025-10-13T18:15:37.177389
img_0128_0640_0256_gaussian_0.05_non_local_means,nucmm\Zebrafish (NucMM-Z)\zebrafish,baseline,denoised_gaussian_0.05_non_local_means,0.5294117647058824,False,0.9,35,19,16,0.02,2025-10-13T18:15:39.361651
img_0128_0640_0256_gaussian_0.1_median_filter,nucmm\Zebrafish (NucMM-Z)\zebrafish,baseline,denoised_gaussian_0.1_median_filter,0.5019607843137255,False,0.9,109,67,42,0.12,2025-10-13T18:15:41.129889
img_0128_0640_0256_gaussian_0.1_bilateral_filter,nucmm\Zebrafish (NucMM-Z)\zebrafish,baseline,denoised_gaussian_0.1_bilateral_filter,0.49019607843137253,False,0.9,248,119,129,0.12,2025-10-13T18:15:42.994041
img_0128_0640_0256_gaussian_0.1_non_local_means,nucmm\Zebrafish (NucMM-Z)\zebrafish,baseline,denoised_gaussian_0.1_non_local_means,0.5294117647058824,False,0.9,34,19,15,0.02,2025-10-13T18:15:45.051556
img_0128_0640_0256_salt_pepper_0.05_median_filter,nucmm\Zebrafish (NucMM-Z)\zebrafish,baseline,denoised_salt_pepper_0.05_median_filter,0.5058823529411764,False,0.9,112,69,43,0.12,2025-10-13T18:15:47.044207
img_0128_0640_0256_salt_pepper_0.05_bilateral_filter,nucmm\Zebrafish (NucMM-Z)\zebrafish,baseline,denoised_salt_pepper_0.05_bilateral_filter,0.49411764705882355,False,0.9,393,187,206,0.12,2025-10-13T18:15:48.923937
img_0128_0640_0256_salt_pepper_0.05_non_local_means,nucmm\Zebrafish (NucMM-Z)\zebrafish,baseline,denoised_salt_pepper_0.05_non_local_means,0.5333333333333333,False,0.9,32,20,12,0.02,2025-10-13T18:15:51.881623
img_0128_0640_0256_salt_pepper_0.1_median_filter,nucmm\Zebrafish (NucMM-Z)\zebrafish,baseline,denoised_salt_pepper_0.1_median_filter,0.5058823529411764,False,0.9,113,67,46,0.12,2025-10-13T18:15:53.875071
img_0128_0640_0256_salt_pepper_0.1_bilateral_filter,nucmm\Zebrafish (NucMM-Z)\zebrafish,baseline,denoised_salt_pepper_0.1_bilateral_filter,0.4980392156862745,False,0.9,493,231,262,0.12,2025-10-13T18:15:55.843753
img_0128_0640_0256_salt_pepper_0.1_non_local_means,nucmm\Zebrafish (NucMM-Z)\zebrafish,baseline,denoised_salt_pepper_0.1_non_local_means,0.5294117647058824,False,0.9,57,32,25,0.02,2025-10-13T18:15:57.965426
img_0128_0640_1088_clean,nucmm\Zebrafish (NucMM-Z)\zebrafish,baseline,baseline,0.5058823529411764,False,0.9,549,221,328,0.12,2025-10-13T18:15:59.748789
img_0128_0640_1088_gaussian_0.05,nucmm\Zebrafish (NucMM-Z)\zebrafish,baseline,noised_gaussian_0.05,0.5058823529411764,False,0.9,558,221,337,0.12,2025-10-13T18:16:01.807848
img_0128_0640_1088_gaussian_0.1,nucmm\Zebrafish (NucMM-Z)\zebrafish,baseline,noised_gaussian_0.1,0.5058823529411764,False,0.9,557,224,333,0.12,2025-10-13T18:16:04.075326
img_0128_0640_1088_salt_pepper_0.05,nucmm\Zebrafish (NucMM-Z)\zebrafish,baseline,noised_salt_pepper_0.05,0.5058823529411764,False,0.9,662,270,392,0.12,2025-10-13T18:16:06.294177
img_0128_0640_1088_salt_pepper_0.1,nucmm\Zebrafish (NucMM-Z)\zebrafish,baseline,noised_salt_pepper_0.1,0.5019607843137255,False,0.9,743,286,457,0.12,2025-10-13T18:16:08.731101
img_0128_0640_1088_gaussian_0.05_median_filter,nucmm\Zebrafish (NucMM-Z)\zebrafish,baseline,denoised_gaussian_0.05_median_filter,0.5215686274509804,False,0.9,107,60,47,0.12,2025-10-13T18:16:10.933305
img_0128_0640_1088_gaussian_0.05_bilateral_filter,nucmm\Zebrafish (NucMM-Z)\zebrafish,baseline,denoised_gaussian_0.05_bilateral_filter,0.49411764705882355,False,0.9,269,131,138,0.12,2025-10-13T18:16:12.808203
img_0128_0640_1088_gaussian_0.05_non_local_means,nucmm\Zebrafish (NucMM-Z)\zebrafish,baseline,denoised_gaussian_0.05_non_local_means,0.4745098039215686,False,0.9,41,23,18,0.02,2025-10-13T18:16:14.918368
img_0128_0640_1088_gaussian_0.1_median_filter,nucmm\Zebrafish (NucMM-Z)\zebrafish,baseline,denoised_gaussian_0.1_median_filter,0.5176470588235295,False,0.9,106,60,46,0.12,2025-10-13T18:16:16.710179
img_0128_0640_1088_gaussian_0.1_bilateral_filter,nucmm\Zebrafish (NucMM-Z)\zebrafish,baseline,denoised_gaussian_0.1_bilateral_filter,0.49411764705882355,False,0.9,275,132,143,0.12,2025-10-13T18:16:18.805637
img_0128_0640_1088_gaussian_0.1_non_local_means,nucmm\Zebrafish (NucMM-Z)\zebrafish,baseline,denoised_gaussian_0.1_non_local_means,0.4745098039215686,False,0.9,43,24,19,0.02,2025-10-13T18:16:21.323925
img_0128_0640_1088_salt_pepper_0.05_median_filter,nucmm\Zebrafish (NucMM-Z)\zebrafish,baseline,denoised_salt_pepper_0.05_median_filter,0.5215686274509804,False,0.9,116,64,52,0.12,2025-10-13T18:16:23.250190
img_0128_0640_1088_salt_pepper_0.05_bilateral_filter,nucmm\Zebrafish (NucMM-Z)\zebrafish,baseline,denoised_salt_pepper_0.05_bilateral_filter,0.49411764705882355,False,0.9,435,198,237,0.12,2025-10-13T18:16:25.512304
img_0128_0640_1088_salt_pepper_0.05_non_local_means,nucmm\Zebrafish (NucMM-Z)\zebrafish,baseline,denoised_salt_pepper_0.05_non_local_means,0.4745098039215686,False,0.9,57,33,24,0.02,2025-10-13T18:16:27.701189
img_0128_0640_1088_salt_pepper_0.1_median_filter,nucmm\Zebrafish (NucMM-Z)\zebrafish,baseline,denoised_salt_pepper_0.1_median_filter,0.5137254901960784,False,0.9,120,71,49,0.12,2025-10-13T18:16:29.564130
img_0128_0640_1088_salt_pepper_0.1_bilateral_filter,nucmm\Zebrafish (NucMM-Z)\zebrafish,baseline,denoised_salt_pepper_0.1_bilateral_filter,0.49411764705882355,False,0.9,580,242,338,0.12,2025-10-13T18:16:31.556990
img_0128_0640_1088_salt_pepper_0.1_non_local_means,nucmm\Zebrafish (NucMM-Z)\zebrafish,baseline,denoised_salt_pepper_0.1_non_local_means,0.47843137254901963,False,0.9,60,34,26,0.02,2025-10-13T18:16:34.016982
img_0128_0704_0704_clean,nucmm\Zebrafish (NucMM-Z)\zebrafish,baseline,baseline,0.5568627450980392,False,0.9,569,220,349,0.12,2025-10-13T18:16:35.918902
img_0128_0704_0704_gaussian_0.05,nucmm\Zebrafish (NucMM-Z)\zebrafish,baseline,noised_gaussian_0.05,0.5529411764705883,False,0.9,588,227,361,0.12,2025-10-13T18:16:38.163247
img_0128_0704_0704_gaussian_0.1,nucmm\Zebrafish (NucMM-Z)\zebrafish,baseline,noised_gaussian_0.1,0.5529411764705883,False,0.9,595,233,362,0.12,2025-10-13T18:16:40.439939
img_0128_0704_0704_salt_pepper_0.05,nucmm\Zebrafish (NucMM-Z)\zebrafish,baseline,noised_salt_pepper_0.05,0.5411764705882353,False,0.9,673,269,404,0.12,2025-10-13T18:16:42.550264
img_0128_0704_0704_salt_pepper_0.1,nucmm\Zebrafish (NucMM-Z)\zebrafish,baseline,noised_salt_pepper_0.1,0.5294117647058824,False,0.9,759,307,452,0.12,2025-10-13T18:16:44.594920
img_0128_0704_0704_gaussian_0.05_median_filter,nucmm\Zebrafish (NucMM-Z)\zebrafish,baseline,denoised_gaussian_0.05_median_filter,0.6313725490196078,False,0.9,106,68,38,0.10082300752401352,2025-10-13T18:16:46.691511
img_0128_0704_0704_gaussian_0.05_bilateral_filter,nucmm\Zebrafish (NucMM-Z)\zebrafish,baseline,denoised_gaussian_0.05_bilateral_filter,0.6,False,0.9,255,114,141,0.08566961623728275,2025-10-13T18:16:48.827467
img_0128_0704_0704_gaussian_0.05_non_local_means,nucmm\Zebrafish (NucMM-Z)\zebrafish,baseline,denoised_gaussian_0.05_non_local_means,0.611764705882353,False,0.9,47,30,17,0.02,2025-10-13T18:16:50.937916
img_0128_0704_0704_gaussian_0.1_median_filter,nucmm\Zebrafish (NucMM-Z)\zebrafish,baseline,denoised_gaussian_0.1_median_filter,0.6274509803921569,False,0.9,114,69,45,0.10120079666376114,2025-10-13T18:16:52.892724
img_0128_0704_0704_gaussian_0.1_bilateral_filter,nucmm\Zebrafish (NucMM-Z)\zebrafish,baseline,denoised_gaussian_0.1_bilateral_filter,0.596078431372549,False,0.9,258,113,145,0.08598953671753407,2025-10-13T18:16:54.929555
img_0128_0704_0704_gaussian_0.1_non_local_means,nucmm\Zebrafish (NucMM-Z)\zebrafish,baseline,denoised_gaussian_0.1_non_local_means,0.611764705882353,False,0.9,46,29,17,0.02,2025-10-13T18:16:57.027855
img_0128_0704_0704_salt_pepper_0.05_median_filter,nucmm\Zebrafish (NucMM-Z)\zebrafish,baseline,denoised_salt_pepper_0.05_median_filter,0.6313725490196078,False,0.9,115,68,47,0.10365782305598259,2025-10-13T18:16:58.828364
img_0128_0704_0704_salt_pepper_0.05_bilateral_filter,nucmm\Zebrafish (NucMM-Z)\zebrafish,baseline,denoised_salt_pepper_0.05_bilateral_filter,0.5764705882352941,False,0.9,423,196,227,0.1183152012526989,2025-10-13T18:17:00.695371
img_0128_0704_0704_salt_pepper_0.05_non_local_means,nucmm\Zebrafish (NucMM-Z)\zebrafish,baseline,denoised_salt_pepper_0.05_non_local_means,0.6039215686274509,False,0.9,65,34,31,0.02,2025-10-13T18:17:02.894411
img_0128_0704_0704_salt_pepper_0.1_median_filter,nucmm\Zebrafish (NucMM-Z)\zebrafish,baseline,denoised_salt_pepper_0.1_median_filter,0.6235294117647059,False,0.9,127,74,53,0.1043204739689827,2025-10-13T18:17:05.034850
img_0128_0704_0704_salt_pepper_0.1_bilateral_filter,nucmm\Zebrafish (NucMM-Z)\zebrafish,baseline,denoised_salt_pepper_0.1_bilateral_filter,0.5568627450980392,False,0.9,546,253,293,0.12,2025-10-13T18:17:07.219125
img_0128_0704_0704_salt_pepper_0.1_non_local_means,nucmm\Zebrafish (NucMM-Z)\zebrafish,baseline,denoised_salt_pepper_0.1_non_local_means,0.6039215686274509,False,0.9,77,42,35,0.02,2025-10-13T18:17:09.511964
img_0128_0704_0832_clean,nucmm\Zebrafish (NucMM-Z)\zebrafish,baseline,baseline,0.5333333333333333,False,0.9,555,229,326,0.12,2025-10-13T18:17:11.436103
img_0128_0704_0832_gaussian_0.05,nucmm\Zebrafish (NucMM-Z)\zebrafish,baseline,noised_gaussian_0.05,0.5333333333333333,False,0.9,567,230,337,0.12,2025-10-13T18:17:13.462714
img_0128_0704_0832_gaussian_0.1,nucmm\Zebrafish (NucMM-Z)\zebrafish,baseline,noised_gaussian_0.1,0.5333333333333333,False,0.9,571,239,332,0.12,2025-10-13T18:17:15.497893
img_0128_0704_0832_salt_pepper_0.05,nucmm\Zebrafish (NucMM-Z)\zebrafish,baseline,noised_salt_pepper_0.05,0.5254901960784314,False,0.9,656,269,387,0.12,2025-10-13T18:17:17.531215
img_0128_0704_0832_salt_pepper_0.1,nucmm\Zebrafish (NucMM-Z)\zebrafish,baseline,noised_salt_pepper_0.1,0.5137254901960784,False,0.9,743,312,431,0.12,2025-10-13T18:17:19.845903
img_0128_0704_0832_gaussian_0.05_median_filter,nucmm\Zebrafish (NucMM-Z)\zebrafish,baseline,denoised_gaussian_0.05_median_filter,0.5764705882352941,False,0.9,105,61,44,0.12,2025-10-13T18:17:22.459606
img_0128_0704_0832_gaussian_0.05_bilateral_filter,nucmm\Zebrafish (NucMM-Z)\zebrafish,baseline,denoised_gaussian_0.05_bilateral_filter,0.5294117647058824,False,0.9,274,142,132,0.12,2025-10-13T18:17:24.554604
img_0128_0704_0832_gaussian_0.05_non_local_means,nucmm\Zebrafish (NucMM-Z)\zebrafish,baseline,denoised_gaussian_0.05_non_local_means,0.5490196078431373,False,0.9,65,39,26,0.02,2025-10-13T18:17:25.021177
img_0128_0704_0832_gaussian_0.1_median_filter,nucmm\Zebrafish (NucMM-Z)\zebrafish,baseline,denoised_gaussian_0.1_median_filter,0.5764705882352941,False,0.9,106,62,44,0.12,2025-10-13T18:17:25.148930
img_0128_0704_0832_gaussian_0.1_bilateral_filter,nucmm\Zebrafish (NucMM-Z)\zebrafish,baseline,denoised_gaussian_0.1_bilateral_filter,0.5294117647058824,False,0.9,283,148,135,0.12,2025-10-13T18:17:25.267815
img_0128_0704_0832_gaussian_0.1_non_local_means,nucmm\Zebrafish (NucMM-Z)\zebrafish,baseline,denoised_gaussian_0.1_non_local_means,0.5490196078431373,False,0.9,64,37,27,0.02,2025-10-13T18:17:25.401021
img_0128_0704_0832_salt_pepper_0.05_median_filter,nucmm\Zebrafish (NucMM-Z)\zebrafish,baseline,denoised_salt_pepper_0.05_median_filter,0.5764705882352941,False,0.9,101,59,42,0.12,2025-10-13T18:17:25.510339
img_0128_0704_0832_salt_pepper_0.05_bilateral_filter,nucmm\Zebrafish (NucMM-Z)\zebrafish,baseline,denoised_salt_pepper_0.05_bilateral_filter,0.5294117647058824,False,0.9,433,206,227,0.12,2025-10-13T18:17:25.620066
img_0128_0704_0832_salt_pepper_0.05_non_local_means,nucmm\Zebrafish (NucMM-Z)\zebrafish,baseline,denoised_salt_pepper_0.05_non_local_means,0.5529411764705883,False,0.9,67,41,26,0.02,2025-10-13T18:17:25.750332
img_0128_0704_0832_salt_pepper_0.1_median_filter,nucmm\Zebrafish (NucMM-Z)\zebrafish,baseline,denoised_salt_pepper_0.1_median_filter,0.5764705882352941,False,0.9,121,72,49,0.12,2025-10-13T18:17:25.859218
img_0128_0704_0832_salt_pepper_0.1_bilateral_filter,nucmm\Zebrafish (NucMM-Z)\zebrafish,baseline,denoised_salt_pepper_0.1_bilateral_filter,0.5254901960784314,False,0.9,583,270,313,0.12,2025-10-13T18:17:25.969832
img_0128_0704_0832_salt_pepper_0.1_non_local_means,nucmm\Zebrafish (NucMM-Z)\zebrafish,baseline,denoised_salt_pepper_0.1_non_local_means,0.5490196078431373,False,0.9,89,49,40,0.02,2025-10-13T18:17:26.100891
img_0192_0384_0960_clean,nucmm\Zebrafish (NucMM-Z)\zebrafish,baseline,baseline,0.6274509803921569,False,0.9,539,211,328,0.12,2025-10-13T18:17:26.214656
img_0192_0448_0832_clean,nucmm\Zebrafish (NucMM-Z)\zebrafish,baseline,baseline,0.5843137254901961,False,0.9,585,244,341,0.12,2025-10-13T18:17:26.327555
img_0192_0512_0704_clean,nucmm\Zebrafish (NucMM-Z)\zebrafish,baseline,baseline,0.5490196078431373,True,0.9,731,287,444,0.12,2025-10-13T18:17:26.444279
img_0192_0640_1408_clean,nucmm\Zebrafish (NucMM-Z)\zebrafish,baseline,baseline,0.4666666666666667,True,0.9,661,275,386,0.12,2025-10-13T18:17:26.560149
img_0192_0704_0512_clean,nucmm\Zebrafish (NucMM-Z)\zebrafish,baseline,baseline,0.6392156862745098,False,0.9,606,248,358,0.12,2025-10-13T18:17:26.675973
img_0192_0704_1728_clean,nucmm\Zebrafish (NucMM-Z)\zebrafish,baseline,baseline,0.6,False,0.9,578,238,340,0.12,2025-10-13T18:17:26.792047
img_0192_0768_0512_clean,nucmm\Zebrafish (NucMM-Z)\zebrafish,baseline,baseline,0.4823529411764706,True,0.9,615,243,372,0.12,2025-10-13T18:17:26.907971
img_0192_0960_0832_clean,nucmm\Zebrafish (NucMM-Z)\zebrafish,baseline,baseline,0.6274509803921569,False,0.9,556,218,338,0.12,2025-10-13T18:17:27.023422
img_0256_0448_0960_clean,nucmm\Zebrafish (NucMM-Z)\zebrafish,baseline,baseline,0.5294117647058824,False,0.9,592,237,355,0.12,2025-10-13T18:17:27.137437
img_0256_0640_0832_clean,nucmm\Zebrafish (NucMM-Z)\zebrafish,baseline,baseline,0.5764705882352941,True,0.9,767,308,459,0.12,2025-10-13T18:17:27.251859
img_0256_0704_0512_clean,nucmm\Zebrafish (NucMM-Z)\zebrafish,baseline,baseline,0.6549019607843137,False,0.9,603,246,357,0.12,2025-10-13T18:17:27.368447
img_0256_0768_1024_clean,nucmm\Zebrafish (NucMM-Z)\zebrafish,baseline,baseline,0.5450980392156862,True,0.9,667,258,409,0.12,2025-10-13T18:17:27.491067
img_0320_0640_0896_clean,nucmm\Zebrafish (NucMM-Z)\zebrafish,baseline,baseline,0.45098039215686275,True,0.9,729,291,438,0.12,2025-10-13T18:17:27.614156
img_0320_0704_0640_clean,nucmm\Zebrafish (NucMM-Z)\zebrafish,baseline,baseline,0.596078431372549,False,0.9,540,209,331,0.12,2025-10-13T18:17:27.740479
img_0320_0704_1088_clean,nucmm\Zebrafish (NucMM-Z)\zebrafish,baseline,baseline,0.5254901960784314,True,0.9,742,307,435,0.12,2025-10-13T18:17:27.863833
