image_name,noise_type,noise_level,denoise_method,clean_betti_0,clean_betti_1,noisy_betti_0,noisy_betti_1,denoised_betti_0,denoised_betti_1,noise_impact_betti_0,noise_impact_betti_1,noise_impact_total,recovery_betti_0,recovery_betti_1,recovery_total,relative_noise_impact,relative_recovery,timestamp,wasserstein_clean_noisy_H0,wasserstein_clean_denoised_H0,wasserstein_noisy_denoised_H0,wasserstein_clean_noisy_H1,wasserstein_clean_denoised_H1,wasserstein_noisy_denoised_H1
Fluoroscent_Red_313,gaussian,0.01,median_filter,19893,935,58641,25257,15578,1155,38748,24322,63070,4315,220,4095,3.0281352026118684,0.935072142064373,2025-11-14T00:05:13.789700,0.0,0.0,0.0,0.0,0.0,0.0
Fluoroscent_Red_313,gaussian,0.01,bilateral_filter,19893,935,59030,25420,13910,781,39137,24485,63622,5983,154,6137,3.054637987324755,0.903539656093804,2025-11-14T00:06:47.077077,0.0,0.0,0.0,0.0,0.0,0.0
Fluoroscent_Red_313,gaussian,0.01,non_local_means,19893,935,58241,25443,8547,513,38348,24508,62856,11346,422,11768,3.0178605723065104,0.8127784141529846,2025-11-14T00:08:38.140629,0.0,0.0,0.0,0.0,0.0,0.0
Fluoroscent_Red_313,gaussian,0.03,median_filter,19893,935,85505,9344,22338,8333,65612,8409,74021,2445,7398,9843,3.5539178029575575,0.8670242228556762,2025-11-14T00:09:37.881899,0.0,0.0,0.0,0.0,0.0,0.0
Fluoroscent_Red_313,gaussian,0.03,bilateral_filter,19893,935,85361,9304,15195,894,65468,8369,73837,4698,41,4739,3.545083541386595,0.9358180857835503,2025-11-14T00:10:42.900869,0.0,0.0,0.0,0.0,0.0,0.0
Fluoroscent_Red_313,gaussian,0.03,non_local_means,19893,935,85219,9461,8541,340,65326,8526,73852,11352,595,11947,3.5458037257537933,0.8382305150842225,2025-11-14T00:12:38.926623,0.0,0.0,0.0,0.0,0.0,0.0
Fluoroscent_Red_313,gaussian,0.05,median_filter,19893,935,99210,6005,42113,25253,79317,5070,84387,22220,24318,46538,4.051613212982524,0.44851695166317085,2025-11-14T00:14:24.569181,0.0,0.0,0.0,0.0,0.0,0.0
Fluoroscent_Red_313,gaussian,0.05,bilateral_filter,19893,935,99511,6131,17871,2427,79618,5196,84814,2022,1492,530,4.072114461302093,0.9937510316692999,2025-11-14T00:16:00.538865,0.0,0.0,0.0,0.0,0.0,0.0
Fluoroscent_Red_313,gaussian,0.05,non_local_means,19893,935,99531,6117,8529,279,79638,5182,84820,11364,656,12020,4.0724025350489725,0.8582881395897194,2025-11-14T00:18:21.065126,0.0,0.0,0.0,0.0,0.0,0.0
Fluoroscent_Red_313,gaussian,0.08,median_filter,19893,935,116478,4286,76000,46554,96585,3351,99936,56107,45619,101726,4.7981563280199735,-0.01791146333653537,2025-11-14T00:20:05.560437,0.0,0.0,0.0,0.0,0.0,0.0
Fluoroscent_Red_313,gaussian,0.08,bilateral_filter,19893,935,116519,4190,34740,11921,96626,3255,99881,14847,10986,25833,4.795515652006914,0.7413622210430413,2025-11-14T00:21:45.140679,0.0,0.0,0.0,0.0,0.0,0.0
Fluoroscent_Red_313,gaussian,0.08,non_local_means,19893,935,116990,4296,8333,290,97097,3361,100458,11560,645,12205,4.8232187439984635,0.8785064405024986,2025-11-14T00:24:01.722156,0.0,0.0,0.0,0.0,0.0,0.0
Fluoroscent_Red_313,gaussian,0.1,median_filter,19893,935,153121,10294,83173,42930,133228,9359,142587,63280,41995,105275,6.845928557710774,0.261678834676373,2025-11-14T00:25:20.690919,0.0,0.0,0.0,0.0,0.0,0.0
Fluoroscent_Red_313,gaussian,0.1,bilateral_filter,19893,935,153268,9889,70006,21806,133375,8954,142329,50113,20871,70984,6.833541386594968,0.501268188492858,2025-11-14T00:26:31.007125,0.0,0.0,0.0,0.0,0.0,0.0
Fluoroscent_Red_313,gaussian,0.1,non_local_means,19893,935,153073,10263,8380,317,133180,9328,142508,11513,618,12131,6.842135586710198,0.9148749543885255,2025-11-14T00:28:31.976705,0.0,0.0,0.0,0.0,0.0,0.0
Fluoroscent_Red_313,salt_pepper,0.01,median_filter,19893,935,37679,5762,15013,846,17786,4827,22613,4880,89,4969,1.0857019396965621,0.7802591429708574,2025-11-14T00:29:39.137054,0.0,0.0,0.0,0.0,0.0,0.0
Fluoroscent_Red_313,salt_pepper,0.01,bilateral_filter,19893,935,37635,5696,28927,1590,17742,4761,22503,9034,655,9689,1.0804205876704436,0.5694351864195886,2025-11-14T00:31:11.666910,0.0,0.0,0.0,0.0,0.0,0.0
Fluoroscent_Red_313,salt_pepper,0.01,non_local_means,19893,935,37581,5798,8640,744,17688,4863,22551,11253,191,11444,1.0827251776454774,0.49252804753669466,2025-11-14T00:33:24.605202,0.0,0.0,0.0,0.0,0.0,0.0
Fluoroscent_Red_313,salt_pepper,0.03,median_filter,19893,935,71079,14570,15015,848,51186,13635,64821,4878,87,4965,3.112204724409449,0.9234044522608413,2025-11-14T00:35:04.916345,0.0,0.0,0.0,0.0,0.0,0.0
Fluoroscent_Red_313,salt_pepper,0.03,bilateral_filter,19893,935,71166,14799,59894,3695,51273,13864,65137,40001,2760,42761,3.127376608411754,0.343522114927,2025-11-14T00:36:53.485319,0.0,0.0,0.0,0.0,0.0,0.0
Fluoroscent_Red_313,salt_pepper,0.03,non_local_means,19893,935,70996,14707,9204,1973,51103,13772,64875,10689,1038,9651,3.114797388131362,0.8512369942196532,2025-11-14T00:39:07.452115,0.0,0.0,0.0,0.0,0.0,0.0
Fluoroscent_Red_313,salt_pepper,0.05,median_filter,19893,935,101331,23478,15046,850,81438,22543,103981,4847,85,4932,4.992366045707701,0.9525682576624576,2025-11-14T00:40:30.782749,0.0,0.0,0.0,0.0,0.0,0.0
Fluoroscent_Red_313,salt_pepper,0.05,bilateral_filter,19893,935,101405,23802,88771,5964,81512,22867,104379,68878,5029,73907,5.011474937584022,0.29193611741825465,2025-11-14T00:41:55.908357,0.0,0.0,0.0,0.0,0.0,0.0
Fluoroscent_Red_313,salt_pepper,0.05,non_local_means,19893,935,101560,23594,9546,3789,81667,22659,104326,10347,2854,7493,5.008930286153255,0.9281770603684604,2025-11-14T00:43:51.088315,0.0,0.0,0.0,0.0,0.0,0.0
Fluoroscent_Red_313,salt_pepper,0.08,median_filter,19893,935,132716,6453,15065,855,112823,5518,118341,4828,80,4908,5.681822546571922,0.9585266306689989,2025-11-14T00:45:12.118301,0.0,0.0,0.0,0.0,0.0,0.0
Fluoroscent_Red_313,salt_pepper,0.08,bilateral_filter,19893,935,132810,6493,126281,4319,112917,5558,118475,106388,3384,109772,5.688256193585558,0.07345853555602444,2025-11-14T00:46:37.368873,0.0,0.0,0.0,0.0,0.0,0.0
Fluoroscent_Red_313,salt_pepper,0.08,non_local_means,19893,935,132286,6573,9769,6361,112393,5638,118031,10124,5426,4698,5.666938736316497,0.9601968974252527,2025-11-14T00:48:37.009545,0.0,0.0,0.0,0.0,0.0,0.0
Fluoroscent_Red_313,salt_pepper,0.1,median_filter,19893,935,153424,4239,15112,848,133531,3304,136835,4781,87,4868,6.569761859035913,0.9644243066466913,2025-11-14T00:49:59.447610,0.0,0.0,0.0,0.0,0.0,0.0
Fluoroscent_Red_313,salt_pepper,0.1,bilateral_filter,19893,935,153741,4163,148790,2846,133848,3228,137076,128897,1911,130808,6.581332821202228,0.04572645831509525,2025-11-14T00:51:22.546783,0.0,0.0,0.0,0.0,0.0,0.0
Fluoroscent_Red_313,salt_pepper,0.1,non_local_means,19893,935,153607,4115,10180,7871,133714,3180,136894,9713,6936,2777,6.572594584213559,0.9797142314491505,2025-11-14T00:53:21.326634,0.0,0.0,0.0,0.0,0.0,0.0
FLuroscent_Green61,gaussian,0.01,median_filter,9396,2577,16770,20251,3192,1069,7374,17674,25048,6204,1508,7712,2.092040424287981,0.6921111465985308,2025-11-14T01:21:35.700432,0.0,0.0,0.0,0.0,0.0,0.0
FLuroscent_Green61,gaussian,0.01,bilateral_filter,9396,2577,16963,20339,2483,701,7567,17762,25329,6913,1876,8789,2.115509897268855,0.6530064353113032,2025-11-14T01:22:19.809327,0.0,0.0,0.0,0.0,0.0,0.0
FLuroscent_Green61,gaussian,0.01,non_local_means,9396,2577,16856,20111,1253,325,7460,17534,24994,8143,2252,10395,2.087530276455358,0.5841001840441706,2025-11-14T01:23:18.497195,0.0,0.0,0.0,0.0,0.0,0.0
FLuroscent_Green61,gaussian,0.03,median_filter,9396,2577,6937,840,8389,8518,-2459,-1737,-4196,1007,5941,4934,-0.35045519084607035,-0.17588179218303135,2025-11-14T01:24:04.269776,0.0,0.0,0.0,0.0,0.0,0.0
FLuroscent_Green61,gaussian,0.03,bilateral_filter,9396,2577,7008,868,3377,1392,-2388,-1709,-4097,6019,1185,7204,-0.34218658648626077,-0.7583597754454479,2025-11-14T01:24:48.591822,0.0,0.0,0.0,0.0,0.0,0.0
FLuroscent_Green61,gaussian,0.03,non_local_means,9396,2577,6977,776,1275,297,-2419,-1801,-4220,8121,2280,10401,-0.352459700993903,-1.4646919431279621,2025-11-14T01:25:46.462635,0.0,0.0,0.0,0.0,0.0,0.0
FLuroscent_Green61,gaussian,0.05,median_filter,9396,2577,8792,70,20816,23982,-604,-2507,-3111,11420,21405,32825,-0.25983462791280376,-9.551269688203151,2025-11-14T01:26:31.402921,0.0,0.0,0.0,0.0,0.0,0.0
FLuroscent_Green61,gaussian,0.05,bilateral_filter,9396,2577,8751,67,5782,3308,-645,-2510,-3155,3614,731,2883,-0.26350956318383023,0.08621236133122023,2025-11-14T01:27:14.131030,0.0,0.0,0.0,0.0,0.0,0.0
FLuroscent_Green61,gaussian,0.05,non_local_means,9396,2577,8536,72,1228,256,-860,-2505,-3365,8168,2321,10489,-0.2810490269773658,-2.1170876671619614,2025-11-14T01:28:13.104743,0.0,0.0,0.0,0.0,0.0,0.0
FLuroscent_Green61,gaussian,0.08,median_filter,9396,2577,41859,2075,32116,38271,32463,-502,31961,22720,35694,58414,2.6694228681199363,-0.827664966678139,2025-11-14T01:29:03.720310,0.0,0.0,0.0,0.0,0.0,0.0
FLuroscent_Green61,gaussian,0.08,bilateral_filter,9396,2577,41811,1993,14710,8946,32415,-584,31831,5314,6369,11683,2.6585651048191763,0.6329678615186454,2025-11-14T01:29:51.560215,0.0,0.0,0.0,0.0,0.0,0.0
FLuroscent_Green61,gaussian,0.08,non_local_means,9396,2577,41881,2144,1169,237,32485,-433,32052,8227,2340,10567,2.6770233024304684,0.6703169848995383,2025-11-14T01:30:50.655276,0.0,0.0,0.0,0.0,0.0,0.0
FLuroscent_Green61,gaussian,0.1,median_filter,9396,2577,64182,5637,35852,42563,54786,3060,57846,26456,39986,66442,4.83137058381358,-0.14860145904643374,2025-11-14T01:31:37.313094,0.0,0.0,0.0,0.0,0.0,0.0
FLuroscent_Green61,gaussian,0.1,bilateral_filter,9396,2577,64048,5555,28343,14755,54652,2978,57630,18947,12178,31125,4.813329992483087,0.45991671004685064,2025-11-14T01:32:23.129819,0.0,0.0,0.0,0.0,0.0,0.0
FLuroscent_Green61,gaussian,0.1,non_local_means,9396,2577,64279,5704,1156,248,54883,3127,58010,8240,2329,10569,4.84506806982377,0.8178072746078262,2025-11-14T01:33:20.609305,0.0,0.0,0.0,0.0,0.0,0.0
FLuroscent_Green61,salt_pepper,0.01,median_filter,9396,2577,17123,10921,2868,699,7727,8344,16071,6528,1878,8406,1.3422701077424204,0.47694605189471717,2025-11-14T01:34:00.600462,0.0,0.0,0.0,0.0,0.0,0.0
FLuroscent_Green61,salt_pepper,0.01,bilateral_filter,9396,2577,17178,10964,10703,927,7782,8387,16169,1307,1650,343,1.3504551908460702,0.9787865668872534,2025-11-14T01:34:38.501127,0.0,0.0,0.0,0.0,0.0,0.0
FLuroscent_Green61,salt_pepper,0.01,non_local_means,9396,2577,17058,10934,1402,434,7662,8357,16019,7994,2143,10137,1.3379270024221164,0.3671889631063112,2025-11-14T01:35:30.147726,0.0,0.0,0.0,0.0,0.0,0.0
FLuroscent_Green61,salt_pepper,0.03,median_filter,9396,2577,32459,28351,2877,702,23063,25774,48837,6519,1875,8394,4.078927587070909,0.8281221205233736,2025-11-14T01:36:07.864896,0.0,0.0,0.0,0.0,0.0,0.0
FLuroscent_Green61,salt_pepper,0.03,bilateral_filter,9396,2577,32582,28391,27193,1591,23186,25814,49000,17797,986,16811,4.092541551824939,0.6569183673469388,2025-11-14T01:36:46.740326,0.0,0.0,0.0,0.0,0.0,0.0
FLuroscent_Green61,salt_pepper,0.03,non_local_means,9396,2577,32393,28346,1783,758,22997,25769,48766,7613,1819,9432,4.072997577883571,0.8065865562071936,2025-11-14T01:37:40.251635,0.0,0.0,0.0,0.0,0.0,0.0
FLuroscent_Green61,salt_pepper,0.05,median_filter,9396,2577,44080,44167,2882,700,34684,41590,76274,6514,1877,8391,6.3705002923243965,0.8899887248603718,2025-11-14T01:38:18.937688,0.0,0.0,0.0,0.0,0.0,0.0
FLuroscent_Green61,salt_pepper,0.05,bilateral_filter,9396,2577,44154,44161,42413,2276,34758,41584,76342,33017,301,32716,6.376179737743255,0.5714547693275,2025-11-14T01:38:58.582696,0.0,0.0,0.0,0.0,0.0,0.0
FLuroscent_Green61,salt_pepper,0.05,non_local_means,9396,2577,44093,44186,2208,1296,34697,41609,76306,7188,1281,8469,6.373172972521507,0.8890126595549498,2025-11-14T01:39:51.694837,0.0,0.0,0.0,0.0,0.0,0.0
FLuroscent_Green61,salt_pepper,0.08,median_filter,9396,2577,62171,37556,2907,722,52775,34979,87754,6489,1855,8344,7.329324313037668,0.9049160152243773,2025-11-14T01:40:29.073708,0.0,0.0,0.0,0.0,0.0,0.0
FLuroscent_Green61,salt_pepper,0.08,bilateral_filter,9396,2577,62141,37395,61940,455,52745,34818,87563,52544,2122,50422,7.313371753111166,0.42416317394333225,2025-11-14T01:41:09.043963,0.0,0.0,0.0,0.0,0.0,0.0
FLuroscent_Green61,salt_pepper,0.08,non_local_means,9396,2577,62401,48331,3033,2154,53005,45754,98759,6363,423,6786,8.248475737075086,0.9312872750837898,2025-11-14T01:42:02.660173,0.0,0.0,0.0,0.0,0.0,0.0
FLuroscent_Green61,salt_pepper,0.1,median_filter,9396,2577,73611,51,2911,721,64215,-2526,61689,6485,1856,8341,5.152342771235279,0.8647895086644296,2025-11-14T01:42:41.773647,0.0,0.0,0.0,0.0,0.0,0.0
FLuroscent_Green61,salt_pepper,0.1,bilateral_filter,9396,2577,73439,71,73513,109,64043,-2506,61537,64117,2468,61649,5.1396475402990065,-0.0018200432260266908,2025-11-14T01:43:21.673425,0.0,0.0,0.0,0.0,0.0,0.0
FLuroscent_Green61,salt_pepper,0.1,non_local_means,9396,2577,73497,40,3434,2680,64101,-2537,61564,5962,103,5859,5.141902614215318,0.9048307452407252,2025-11-14T01:44:15.827521,0.0,0.0,0.0,0.0,0.0,0.0
Fluroscent_Yellow,gaussian,0.01,median_filter,9367,4,27486,5634,5237,0,18119,5630,23749,4130,4,4134,2.534307971401131,0.8259295128215924,2025-11-14T02:08:13.552871,0.0,0.0,0.0,0.0,0.0,0.0
Fluroscent_Yellow,gaussian,0.01,bilateral_filter,9367,4,27388,5764,4243,0,18021,5760,23781,5124,4,5128,2.5377227617116636,0.7843656700727472,2025-11-14T02:08:55.396582,0.0,0.0,0.0,0.0,0.0,0.0
Fluroscent_Yellow,gaussian,0.01,non_local_means,9367,4,27430,5568,1618,0,18063,5564,23627,7749,4,7753,2.521289083342226,0.671858467008084,2025-11-14T02:09:51.381933,0.0,0.0,0.0,0.0,0.0,0.0
Fluroscent_Yellow,gaussian,0.03,median_filter,9367,4,46258,1953,7927,469,36891,1949,38840,1440,465,975,4.144701739408815,0.9748970133882595,2025-11-14T02:10:34.750559,0.0,0.0,0.0,0.0,0.0,0.0
Fluroscent_Yellow,gaussian,0.03,bilateral_filter,9367,4,46357,2106,4286,0,36990,2102,39092,5081,4,5085,4.1715932131042575,0.8699222347283332,2025-11-14T02:11:17.444708,0.0,0.0,0.0,0.0,0.0,0.0
Fluroscent_Yellow,gaussian,0.03,non_local_means,9367,4,46220,2022,1544,0,36853,2018,38871,7823,4,7827,4.1480098175221425,0.7986416608782897,2025-11-14T02:12:15.001869,0.0,0.0,0.0,0.0,0.0,0.0
Fluroscent_Yellow,gaussian,0.05,median_filter,9367,4,59900,2176,19211,2194,50533,2172,52705,9844,2190,12034,5.624266353644222,0.7716725168390096,2025-11-14T02:12:58.468002,0.0,0.0,0.0,0.0,0.0,0.0
Fluroscent_Yellow,gaussian,0.05,bilateral_filter,9367,4,59728,2153,4503,18,50361,2149,52510,4864,14,4850,5.603457475189414,0.9076366406398781,2025-11-14T02:13:40.785933,0.0,0.0,0.0,0.0,0.0,0.0
Fluroscent_Yellow,gaussian,0.05,non_local_means,9367,4,59566,2243,1504,0,50199,2239,52438,7863,4,7867,5.595774196990716,0.8499752088180328,2025-11-14T02:14:37.263533,0.0,0.0,0.0,0.0,0.0,0.0
Fluroscent_Yellow,gaussian,0.08,median_filter,9367,4,67203,1902,38363,5151,57836,1898,59734,28996,5147,34143,6.374346387792125,0.42841597750025107,2025-11-14T02:15:21.481554,0.0,0.0,0.0,0.0,0.0,0.0
Fluroscent_Yellow,gaussian,0.08,bilateral_filter,9367,4,67081,1808,8173,1334,57714,1804,59518,1194,1330,136,6.35129655319603,0.9977149769817534,2025-11-14T02:16:05.750466,0.0,0.0,0.0,0.0,0.0,0.0
Fluroscent_Yellow,gaussian,0.08,non_local_means,9367,4,67290,1834,1448,0,57923,1830,59753,7919,4,7923,6.376373919539003,0.8674041470721136,2025-11-14T02:17:04.331299,0.0,0.0,0.0,0.0,0.0,0.0
Fluroscent_Yellow,gaussian,0.1,median_filter,9367,4,70887,1787,48667,7401,61520,1783,63303,39300,7397,46697,6.755202219613702,0.26232564017503124,2025-11-14T02:17:49.396107,0.0,0.0,0.0,0.0,0.0,0.0
Fluroscent_Yellow,gaussian,0.1,bilateral_filter,9367,4,71083,1772,16985,3932,61716,1768,63484,7618,3928,11546,6.774517127307651,0.8181274021800768,2025-11-14T02:18:34.552033,0.0,0.0,0.0,0.0,0.0,0.0
Fluroscent_Yellow,gaussian,0.1,non_local_means,9367,4,71225,1734,1482,0,61858,1730,63588,7885,4,7889,6.785615195816882,0.8759357111404668,2025-11-14T02:19:33.451237,0.0,0.0,0.0,0.0,0.0,0.0
Fluroscent_Yellow,salt_pepper,0.01,median_filter,9367,4,18111,246,5186,0,8744,242,8986,4181,4,4185,0.9589158040764059,0.5342755397284665,2025-11-14T02:20:13.777157,0.0,0.0,0.0,0.0,0.0,0.0
Fluroscent_Yellow,salt_pepper,0.01,bilateral_filter,9367,4,18017,276,13151,1,8650,272,8922,3784,3,3781,0.9520862234553409,0.5762160950459538,2025-11-14T02:20:55.518801,0.0,0.0,0.0,0.0,0.0,0.0
Fluroscent_Yellow,salt_pepper,0.01,non_local_means,9367,4,18056,272,1645,34,8689,268,8957,7722,30,7692,0.9558211503574858,0.14123032265267388,2025-11-14T02:21:50.173880,0.0,0.0,0.0,0.0,0.0,0.0
Fluroscent_Yellow,salt_pepper,0.03,median_filter,9367,4,34517,459,5202,0,25150,455,25605,4165,4,4169,2.732365809412016,0.8371802382347198,2025-11-14T02:22:31.486059,0.0,0.0,0.0,0.0,0.0,0.0
Fluroscent_Yellow,salt_pepper,0.03,bilateral_filter,9367,4,34630,524,29946,17,25263,520,25783,20579,13,20592,2.7513605805143526,0.20133421246557814,2025-11-14T02:23:11.199047,0.0,0.0,0.0,0.0,0.0,0.0
Fluroscent_Yellow,salt_pepper,0.03,non_local_means,9367,4,34448,478,1938,118,25081,474,25555,7429,114,7315,2.727030199551809,0.7137546468401488,2025-11-14T02:24:06.640804,0.0,0.0,0.0,0.0,0.0,0.0
Fluroscent_Yellow,salt_pepper,0.05,median_filter,9367,4,49275,654,5204,0,39908,650,40558,4163,4,4167,4.328033294205528,0.897258247448099,2025-11-14T02:24:47.683436,0.0,0.0,0.0,0.0,0.0,0.0
Fluroscent_Yellow,salt_pepper,0.05,bilateral_filter,9367,4,49317,704,44963,32,39950,700,40650,35596,28,35624,4.3378508163483085,0.1236408364083641,2025-11-14T02:25:29.006020,0.0,0.0,0.0,0.0,0.0,0.0
Fluroscent_Yellow,salt_pepper,0.05,non_local_means,9367,4,49194,670,2083,376,39827,666,40493,7284,372,6912,4.321097001387258,0.8293038302916553,2025-11-14T02:26:25.925841,0.0,0.0,0.0,0.0,0.0,0.0
Fluroscent_Yellow,salt_pepper,0.08,median_filter,9367,4,65814,24,5274,0,56447,20,56467,4093,4,4097,6.0257176395261975,0.9274443480262808,2025-11-14T02:27:05.807432,0.0,0.0,0.0,0.0,0.0,0.0
Fluroscent_Yellow,salt_pepper,0.08,bilateral_filter,9367,4,65856,23,63911,18,56489,19,56508,54544,14,54558,6.030092839611568,0.034508388192822204,2025-11-14T02:27:47.481706,0.0,0.0,0.0,0.0,0.0,0.0
Fluroscent_Yellow,salt_pepper,0.08,non_local_means,9367,4,65934,23,2775,1249,56567,19,56586,6592,1245,5347,6.038416390993491,0.9055066624253348,2025-11-14T02:28:45.066653,0.0,0.0,0.0,0.0,0.0,0.0
Fluroscent_Yellow,salt_pepper,0.1,median_filter,9367,4,76502,38,5303,0,67135,34,67169,4064,4,4068,7.1677515740049085,0.9394363471244175,2025-11-14T02:29:26.293902,0.0,0.0,0.0,0.0,0.0,0.0
Fluroscent_Yellow,salt_pepper,0.1,bilateral_filter,9367,4,76540,34,74978,34,67173,30,67203,65611,30,65641,7.171379788709849,0.023243009984673324,2025-11-14T02:30:07.179720,0.0,0.0,0.0,0.0,0.0,0.0
Fluroscent_Yellow,salt_pepper,0.1,non_local_means,9367,4,76745,29,3300,2098,67378,25,67403,6067,2094,3973,7.192722228150677,0.94105603608148,2025-11-14T02:31:05.002518,0.0,0.0,0.0,0.0,0.0,0.0
MouseSlice,gaussian,0.01,median_filter,188,178,185,171,129,90,-3,-7,-10,59,88,147,-0.02732240437158473,-13.7,2025-11-14T02:38:23.924637,0.0,0.0,0.0,0.0,0.0,0.0
MouseSlice,gaussian,0.01,bilateral_filter,188,178,172,182,74,42,-16,4,-12,114,136,250,-0.032786885245901676,-19.833333333333332,2025-11-14T02:38:24.512389,0.0,0.0,0.0,0.0,0.0,0.0
MouseSlice,gaussian,0.01,non_local_means,188,178,176,173,14,1,-12,-5,-17,174,177,351,-0.04644808743169404,-19.647058823529413,2025-11-14T02:38:25.411135,0.0,0.0,0.0,0.0,0.0,0.0
MouseSlice,gaussian,0.03,median_filter,188,178,134,200,147,99,-54,22,-32,41,79,120,-0.08743169398907102,-2.75,2025-11-14T02:38:26.004869,0.0,0.0,0.0,0.0,0.0,0.0
MouseSlice,gaussian,0.03,bilateral_filter,188,178,139,179,77,42,-49,1,-48,111,136,247,-0.1311475409836066,-4.145833333333333,2025-11-14T02:38:28.538004,0.0,0.0,0.0,0.0,0.0,0.0
MouseSlice,gaussian,0.03,non_local_means,188,178,134,185,13,1,-54,7,-47,175,177,352,-0.12841530054644812,-6.48936170212766,2025-11-14T02:38:29.439718,0.0,0.0,0.0,0.0,0.0,0.0
MouseSlice,gaussian,0.05,median_filter,188,178,225,457,154,112,37,279,316,34,66,100,0.8633879781420766,0.6835443037974683,2025-11-14T02:38:30.014890,0.0,0.0,0.0,0.0,0.0,0.0
MouseSlice,gaussian,0.05,bilateral_filter,188,178,221,448,83,58,33,270,303,105,120,225,0.8278688524590163,0.25742574257425743,2025-11-14T02:38:30.652928,0.0,0.0,0.0,0.0,0.0,0.0
MouseSlice,gaussian,0.05,non_local_means,188,178,231,497,15,2,43,319,362,173,176,349,0.9890710382513661,0.035911602209944715,2025-11-14T02:38:31.502483,0.0,0.0,0.0,0.0,0.0,0.0
MouseSlice,gaussian,0.08,median_filter,188,178,726,1570,159,124,538,1392,1930,29,54,83,5.273224043715847,0.9569948186528497,2025-11-14T02:38:32.080402,0.0,0.0,0.0,0.0,0.0,0.0
MouseSlice,gaussian,0.08,bilateral_filter,188,178,668,1567,99,105,480,1389,1869,89,73,162,5.10655737704918,0.913322632423756,2025-11-14T02:38:32.648399,0.0,0.0,0.0,0.0,0.0,0.0
MouseSlice,gaussian,0.08,non_local_means,188,178,686,1552,14,2,498,1374,1872,174,176,350,5.114754098360656,0.813034188034188,2025-11-14T02:38:33.573203,0.0,0.0,0.0,0.0,0.0,0.0
MouseSlice,gaussian,0.1,median_filter,188,178,1085,2219,198,155,897,2041,2938,10,23,13,8.027322404371585,0.995575221238938,2025-11-14T02:38:34.168225,0.0,0.0,0.0,0.0,0.0,0.0
MouseSlice,gaussian,0.1,bilateral_filter,188,178,1090,2343,101,123,902,2165,3067,87,55,142,8.379781420765028,0.9537006847081839,2025-11-14T02:38:34.751368,0.0,0.0,0.0,0.0,0.0,0.0
MouseSlice,gaussian,0.1,non_local_means,188,178,1111,2272,14,2,923,2094,3017,174,176,350,8.243169398907105,0.8839907192575406,2025-11-14T02:38:35.654493,0.0,0.0,0.0,0.0,0.0,0.0
MouseSlice,salt_pepper,0.01,median_filter,188,178,315,288,128,79,127,110,237,60,99,159,0.6475409836065573,0.3291139240506329,2025-11-14T02:38:36.188512,0.0,0.0,0.0,0.0,0.0,0.0
MouseSlice,salt_pepper,0.01,bilateral_filter,188,178,310,296,210,61,122,118,240,22,117,95,0.6557377049180328,0.6041666666666667,2025-11-14T02:38:36.794871,0.0,0.0,0.0,0.0,0.0,0.0
MouseSlice,salt_pepper,0.01,non_local_means,188,178,312,301,16,1,124,123,247,172,177,349,0.674863387978142,-0.41295546558704443,2025-11-14T02:38:37.655829,0.0,0.0,0.0,0.0,0.0,0.0
MouseSlice,salt_pepper,0.03,median_filter,188,178,554,542,128,81,366,364,730,60,97,157,1.9945355191256833,0.784931506849315,2025-11-14T02:38:38.257803,0.0,0.0,0.0,0.0,0.0,0.0
MouseSlice,salt_pepper,0.03,bilateral_filter,188,178,579,542,493,145,391,364,755,305,33,272,2.0628415300546448,0.6397350993377484,2025-11-14T02:38:38.850197,0.0,0.0,0.0,0.0,0.0,0.0
MouseSlice,salt_pepper,0.03,non_local_means,188,178,565,555,16,1,377,377,754,172,177,349,2.060109289617486,0.5371352785145889,2025-11-14T02:38:39.752423,0.0,0.0,0.0,0.0,0.0,0.0
MouseSlice,salt_pepper,0.05,median_filter,188,178,831,846,132,88,643,668,1311,56,90,146,3.581967213114754,0.8886346300533944,2025-11-14T02:38:40.362216,0.0,0.0,0.0,0.0,0.0,0.0
MouseSlice,salt_pepper,0.05,bilateral_filter,188,178,831,826,773,227,643,648,1291,585,49,634,3.527322404371585,0.5089078233927189,2025-11-14T02:38:40.945970,0.0,0.0,0.0,0.0,0.0,0.0
MouseSlice,salt_pepper,0.05,non_local_means,188,178,828,843,15,2,640,665,1305,173,176,349,3.5655737704918034,0.7325670498084291,2025-11-14T02:38:42.501340,0.0,0.0,0.0,0.0,0.0,0.0
MouseSlice,salt_pepper,0.08,median_filter,188,178,1218,1259,129,91,1030,1081,2111,59,87,146,5.76775956284153,0.930838465182378,2025-11-14T02:38:43.091580,0.0,0.0,0.0,0.0,0.0,0.0
MouseSlice,salt_pepper,0.08,bilateral_filter,188,178,1214,1259,1125,292,1026,1081,2107,937,114,1051,5.756830601092896,0.5011865211200759,2025-11-14T02:38:43.678472,0.0,0.0,0.0,0.0,0.0,0.0
MouseSlice,salt_pepper,0.08,non_local_means,188,178,1216,1249,15,4,1028,1071,2099,173,174,347,5.7349726775956285,0.8346831824678418,2025-11-14T02:38:44.510247,0.0,0.0,0.0,0.0,0.0,0.0
MouseSlice,salt_pepper,0.1,median_filter,188,178,1398,1501,137,87,1210,1323,2533,51,91,142,6.920765027322404,0.9439399921042242,2025-11-14T02:38:45.118851,0.0,0.0,0.0,0.0,0.0,0.0
MouseSlice,salt_pepper,0.1,bilateral_filter,188,178,1438,1544,1341,318,1250,1366,2616,1153,140,1293,7.147540983606557,0.5057339449541285,2025-11-14T02:38:45.716748,0.0,0.0,0.0,0.0,0.0,0.0
MouseSlice,salt_pepper,0.1,non_local_means,188,178,1470,1492,13,3,1282,1314,2596,175,175,350,7.092896174863387,0.8651771956856702,2025-11-14T02:38:46.569109,0.0,0.0,0.0,0.0,0.0,0.0
Zebrafish,gaussian,0.01,median_filter,75,65,74,65,27,8,-1,0,-1,48,57,105,-0.0071428571428571175,-104.0,2025-11-14T02:46:09.474003,0.0,0.0,0.0,0.0,0.0,0.0
Zebrafish,gaussian,0.01,bilateral_filter,75,65,79,65,22,33,4,0,4,53,32,85,0.02857142857142847,-20.25,2025-11-14T02:46:09.553927,0.0,0.0,0.0,0.0,0.0,0.0
Zebrafish,gaussian,0.01,non_local_means,75,65,78,65,4,2,3,0,3,71,63,134,0.021428571428571352,-43.666666666666664,2025-11-14T02:46:09.677470,0.0,0.0,0.0,0.0,0.0,0.0
Zebrafish,gaussian,0.03,median_filter,75,65,85,67,27,9,10,2,12,48,56,104,0.08571428571428563,-7.666666666666666,2025-11-14T02:46:09.726336,0.0,0.0,0.0,0.0,0.0,0.0
Zebrafish,gaussian,0.03,bilateral_filter,75,65,78,66,23,34,3,1,4,52,31,83,0.02857142857142847,-19.75,2025-11-14T02:46:09.802366,0.0,0.0,0.0,0.0,0.0,0.0
Zebrafish,gaussian,0.03,non_local_means,75,65,84,69,4,2,9,4,13,71,63,134,0.09285714285714275,-9.307692307692308,2025-11-14T02:46:09.907299,0.0,0.0,0.0,0.0,0.0,0.0
Zebrafish,gaussian,0.05,median_filter,75,65,100,80,29,11,25,15,40,46,54,100,0.2857142857142858,-1.5,2025-11-14T02:46:09.980276,0.0,0.0,0.0,0.0,0.0,0.0
Zebrafish,gaussian,0.05,bilateral_filter,75,65,94,82,20,33,19,17,36,55,32,87,0.2571428571428571,-1.4166666666666665,2025-11-14T02:46:10.045504,0.0,0.0,0.0,0.0,0.0,0.0
Zebrafish,gaussian,0.05,non_local_means,75,65,87,84,4,3,12,19,31,71,62,133,0.22142857142857153,-3.290322580645161,2025-11-14T02:46:10.155612,0.0,0.0,0.0,0.0,0.0,0.0
Zebrafish,gaussian,0.08,median_filter,75,65,124,147,28,16,49,82,131,47,49,96,0.9357142857142857,0.26717557251908397,2025-11-14T02:46:10.250804,0.0,0.0,0.0,0.0,0.0,0.0
Zebrafish,gaussian,0.08,bilateral_filter,75,65,117,151,35,44,42,86,128,40,21,61,0.9142857142857144,0.5234375,2025-11-14T02:46:10.315955,0.0,0.0,0.0,0.0,0.0,0.0
Zebrafish,gaussian,0.08,non_local_means,75,65,120,159,4,2,45,94,139,71,63,134,0.9928571428571429,0.03597122302158273,2025-11-14T02:46:10.474040,0.0,0.0,0.0,0.0,0.0,0.0
Zebrafish,gaussian,0.1,median_filter,75,65,141,211,25,14,66,146,212,50,51,101,1.5142857142857142,0.5235849056603774,2025-11-14T02:46:10.533870,0.0,0.0,0.0,0.0,0.0,0.0
Zebrafish,gaussian,0.1,bilateral_filter,75,65,146,186,30,41,71,121,192,45,24,69,1.3714285714285714,0.640625,2025-11-14T02:46:10.583667,0.0,0.0,0.0,0.0,0.0,0.0
Zebrafish,gaussian,0.1,non_local_means,75,65,143,202,4,2,68,137,205,71,63,134,1.4642857142857144,0.3463414634146341,2025-11-14T02:46:10.712693,0.0,0.0,0.0,0.0,0.0,0.0
Zebrafish,salt_pepper,0.01,median_filter,75,65,89,75,29,10,14,10,24,46,55,101,0.17142857142857149,-3.208333333333333,2025-11-14T02:46:10.782262,0.0,0.0,0.0,0.0,0.0,0.0
Zebrafish,salt_pepper,0.01,bilateral_filter,75,65,92,78,40,43,17,13,30,35,22,57,0.2142857142857142,-0.8999999999999999,2025-11-14T02:46:10.852905,0.0,0.0,0.0,0.0,0.0,0.0
Zebrafish,salt_pepper,0.01,non_local_means,75,65,90,71,5,2,15,6,21,70,63,133,0.1499999999999999,-5.333333333333333,2025-11-14T02:46:10.952390,0.0,0.0,0.0,0.0,0.0,0.0
Zebrafish,salt_pepper,0.03,median_filter,75,65,118,94,30,7,43,29,72,45,58,103,0.5142857142857142,-0.4305555555555556,2025-11-14T02:46:11.033901,0.0,0.0,0.0,0.0,0.0,0.0
Zebrafish,salt_pepper,0.03,bilateral_filter,75,65,118,96,61,45,43,31,74,14,20,34,0.5285714285714285,0.5405405405405406,2025-11-14T02:46:11.125930,0.0,0.0,0.0,0.0,0.0,0.0
Zebrafish,salt_pepper,0.03,non_local_means,75,65,118,94,4,1,43,29,72,71,64,135,0.5142857142857142,-0.875,2025-11-14T02:46:11.256101,0.0,0.0,0.0,0.0,0.0,0.0
Zebrafish,salt_pepper,0.05,median_filter,75,65,149,121,28,12,74,56,130,47,53,100,0.9285714285714286,0.23076923076923073,2025-11-14T02:46:11.317711,0.0,0.0,0.0,0.0,0.0,0.0
Zebrafish,salt_pepper,0.05,bilateral_filter,75,65,144,123,82,57,69,58,127,7,8,1,0.9071428571428573,0.9921259842519685,2025-11-14T02:46:11.379390,0.0,0.0,0.0,0.0,0.0,0.0
Zebrafish,salt_pepper,0.05,non_local_means,75,65,138,123,4,2,63,58,121,71,63,134,0.8642857142857143,-0.1074380165289257,2025-11-14T02:46:11.483839,0.0,0.0,0.0,0.0,0.0,0.0
Zebrafish,salt_pepper,0.08,median_filter,75,65,177,156,28,10,102,91,193,47,55,102,1.3785714285714286,0.47150259067357514,2025-11-14T02:46:11.540347,0.0,0.0,0.0,0.0,0.0,0.0
Zebrafish,salt_pepper,0.08,bilateral_filter,75,65,178,159,118,67,103,94,197,43,2,45,1.407142857142857,0.7715736040609137,2025-11-14T02:46:11.607254,0.0,0.0,0.0,0.0,0.0,0.0
Zebrafish,salt_pepper,0.08,non_local_means,75,65,176,157,3,1,101,92,193,72,64,136,1.3785714285714286,0.2953367875647669,2025-11-14T02:46:11.707470,0.0,0.0,0.0,0.0,0.0,0.0
Zebrafish,salt_pepper,0.1,median_filter,75,65,195,174,27,10,120,109,229,48,55,103,1.6357142857142857,0.5502183406113537,2025-11-14T02:46:11.797582,0.0,0.0,0.0,0.0,0.0,0.0
Zebrafish,salt_pepper,0.1,bilateral_filter,75,65,198,176,139,75,123,111,234,64,10,74,1.6714285714285713,0.6837606837606838,2025-11-14T02:46:11.862993,0.0,0.0,0.0,0.0,0.0,0.0
Zebrafish,salt_pepper,0.1,non_local_means,75,65,203,177,4,2,128,112,240,71,63,134,1.7142857142857144,0.44166666666666665,2025-11-14T02:46:11.993382,0.0,0.0,0.0,0.0,0.0,0.0
Defungi_H2_1a_6,gaussian,0.01,median_filter,79,68,481,1458,34,32,402,1390,1792,45,36,81,12.19047619047619,0.9547991071428571,2025-11-14T02:55:11.171197,0.0,0.0,0.0,0.0,0.0,0.0
Defungi_H2_1a_6,gaussian,0.01,bilateral_filter,79,68,486,1485,29,26,407,1417,1824,50,42,92,12.408163265306122,0.9495614035087719,2025-11-14T02:55:17.472235,0.0,0.0,0.0,0.0,0.0,0.0
Defungi_H2_1a_6,gaussian,0.01,non_local_means,79,68,491,1437,19,14,412,1369,1781,60,54,114,12.115646258503402,0.9359910162829871,2025-11-14T02:55:23.788719,0.0,0.0,0.0,0.0,0.0,0.0
Defungi_H2_1a_6,gaussian,0.03,median_filter,79,68,322,1101,104,88,243,1033,1276,25,20,45,8.680272108843537,0.9647335423197492,2025-11-14T02:55:28.159905,0.0,0.0,0.0,0.0,0.0,0.0
Defungi_H2_1a_6,gaussian,0.03,bilateral_filter,79,68,294,1102,34,27,215,1034,1249,45,41,86,8.496598639455783,0.9311449159327462,2025-11-14T02:55:33.650412,0.0,0.0,0.0,0.0,0.0,0.0
Defungi_H2_1a_6,gaussian,0.03,non_local_means,79,68,326,1113,19,14,247,1045,1292,60,54,114,8.789115646258503,0.9117647058823529,2025-11-14T02:55:39.869789,0.0,0.0,0.0,0.0,0.0,0.0
Defungi_H2_1a_6,gaussian,0.05,median_filter,79,68,683,2259,571,504,604,2191,2795,492,436,928,19.01360544217687,0.6679785330948121,2025-11-14T02:55:45.374601,0.0,0.0,0.0,0.0,0.0,0.0
Defungi_H2_1a_6,gaussian,0.05,bilateral_filter,79,68,647,2278,66,52,568,2210,2778,13,16,29,18.897959183673468,0.9895608351331894,2025-11-14T02:55:50.021583,0.0,0.0,0.0,0.0,0.0,0.0
Defungi_H2_1a_6,gaussian,0.05,non_local_means,79,68,681,2343,21,15,602,2275,2877,58,53,111,19.571428571428573,0.9614181438998958,2025-11-14T02:55:56.410167,0.0,0.0,0.0,0.0,0.0,0.0
Defungi_H2_1a_6,gaussian,0.08,median_filter,79,68,4936,11552,1396,1253,4857,11484,16341,1317,1185,2502,111.16326530612245,0.8468881953368828,2025-11-14T02:56:02.467575,0.0,0.0,0.0,0.0,0.0,0.0
Defungi_H2_1a_6,gaussian,0.08,bilateral_filter,79,68,5000,11385,352,669,4921,11317,16238,273,601,874,110.4625850340136,0.9461756373937678,2025-11-14T02:56:07.325697,0.0,0.0,0.0,0.0,0.0,0.0
Defungi_H2_1a_6,gaussian,0.08,non_local_means,79,68,5067,11439,22,14,4988,11371,16359,57,54,111,111.28571428571429,0.993214744177517,2025-11-14T02:56:13.883886,0.0,0.0,0.0,0.0,0.0,0.0
Defungi_H2_1a_6,gaussian,0.1,median_filter,79,68,8074,16799,1664,1618,7995,16731,24726,1585,1550,3135,168.20408163265307,0.8732103858286824,2025-11-14T02:56:19.508184,0.0,0.0,0.0,0.0,0.0,0.0
Defungi_H2_1a_6,gaussian,0.1,bilateral_filter,79,68,8038,16876,791,1730,7959,16808,24767,712,1662,2374,168.48299319727892,0.9041466467476884,2025-11-14T02:56:24.538781,0.0,0.0,0.0,0.0,0.0,0.0
Defungi_H2_1a_6,gaussian,0.1,non_local_means,79,68,8168,16936,22,16,8089,16868,24957,57,52,109,169.77551020408163,0.9956324878791522,2025-11-14T02:56:32.210953,0.0,0.0,0.0,0.0,0.0,0.0
Defungi_H2_1a_6,salt_pepper,0.01,median_filter,79,68,1279,1253,30,29,1200,1185,2385,49,39,88,16.224489795918366,0.9631027253668764,2025-11-14T02:56:36.356312,0.0,0.0,0.0,0.0,0.0,0.0
Defungi_H2_1a_6,salt_pepper,0.01,bilateral_filter,79,68,1264,1244,1025,1051,1185,1176,2361,946,983,1929,16.06122448979592,0.1829733163913596,2025-11-14T02:56:40.615374,0.0,0.0,0.0,0.0,0.0,0.0
Defungi_H2_1a_6,salt_pepper,0.01,non_local_means,79,68,1271,1269,21,14,1192,1201,2393,58,54,112,16.27891156462585,0.9531968240702048,2025-11-14T02:56:47.312324,0.0,0.0,0.0,0.0,0.0,0.0
Defungi_H2_1a_6,salt_pepper,0.03,median_filter,79,68,3535,3579,31,30,3456,3511,6967,48,38,86,47.394557823129254,0.9876560930099039,2025-11-14T02:56:51.564084,0.0,0.0,0.0,0.0,0.0,0.0
Defungi_H2_1a_6,salt_pepper,0.03,bilateral_filter,79,68,3556,3559,3153,3251,3477,3491,6968,3074,3183,6257,47.40136054421769,0.10203788748564868,2025-11-14T02:56:55.788035,0.0,0.0,0.0,0.0,0.0,0.0
Defungi_H2_1a_6,salt_pepper,0.03,non_local_means,79,68,3547,3577,21,13,3468,3509,6977,58,55,113,47.46258503401361,0.9838039271893364,2025-11-14T02:57:02.963018,0.0,0.0,0.0,0.0,0.0,0.0
Defungi_H2_1a_6,salt_pepper,0.05,median_filter,79,68,5571,5717,31,28,5492,5649,11141,48,40,88,75.78911564625851,0.9921012476438381,2025-11-14T02:57:07.198815,0.0,0.0,0.0,0.0,0.0,0.0
Defungi_H2_1a_6,salt_pepper,0.05,bilateral_filter,79,68,5547,5700,5113,5431,5468,5632,11100,5034,5363,10397,75.51020408163265,0.06333333333333335,2025-11-14T02:57:11.814035,0.0,0.0,0.0,0.0,0.0,0.0
Defungi_H2_1a_6,salt_pepper,0.05,non_local_means,79,68,5565,5710,23,15,5486,5642,11128,56,53,109,75.70068027210884,0.9902048885693745,2025-11-14T02:57:18.904683,0.0,0.0,0.0,0.0,0.0,0.0
Defungi_H2_1a_6,salt_pepper,0.08,median_filter,79,68,8355,8618,30,28,8276,8550,16826,49,40,89,114.4625850340136,0.9947105669796743,2025-11-14T02:57:23.201721,0.0,0.0,0.0,0.0,0.0,0.0
Defungi_H2_1a_6,salt_pepper,0.08,bilateral_filter,79,68,8344,8647,7924,8437,8265,8579,16844,7845,8369,16214,114.58503401360544,0.03740204227024457,2025-11-14T02:57:27.929497,0.0,0.0,0.0,0.0,0.0,0.0
Defungi_H2_1a_6,salt_pepper,0.08,non_local_means,79,68,8317,8625,22,17,8238,8557,16795,57,51,108,114.25170068027211,0.9935695147365288,2025-11-14T02:57:34.852260,0.0,0.0,0.0,0.0,0.0,0.0
Defungi_H2_1a_6,salt_pepper,0.1,median_filter,79,68,9973,10450,31,30,9894,10382,20276,48,38,86,137.93197278911563,0.9957585322548826,2025-11-14T02:57:39.124997,0.0,0.0,0.0,0.0,0.0,0.0
Defungi_H2_1a_6,salt_pepper,0.1,bilateral_filter,79,68,9939,10508,9601,10351,9860,10440,20300,9522,10283,19805,138.0952380952381,0.02438423645320198,2025-11-14T02:57:43.897926,0.0,0.0,0.0,0.0,0.0,0.0
Defungi_H2_1a_6,salt_pepper,0.1,non_local_means,79,68,9938,10427,25,19,9859,10359,20218,54,49,103,137.5374149659864,0.9949055297259868,2025-11-14T02:57:51.625653,0.0,0.0,0.0,0.0,0.0,0.0
Mouserbirn_neuronal,gaussian,0.01,median_filter,2808,4542,3179,4475,389,361,371,-67,304,2419,4181,6600,0.04136054421768698,-20.710526315789473,2025-11-14T03:07:13.471460,0.0,0.0,0.0,0.0,0.0,0.0
Mouserbirn_neuronal,gaussian,0.01,bilateral_filter,2808,4542,3182,4460,286,415,374,-82,292,2522,4127,6649,0.03972789115646269,-21.77054794520548,2025-11-14T03:07:20.169293,0.0,0.0,0.0,0.0,0.0,0.0
Mouserbirn_neuronal,gaussian,0.01,non_local_means,2808,4542,3207,4440,11,5,399,-102,297,2797,4537,7334,0.04040816326530616,-23.693602693602692,2025-11-14T03:07:26.755352,0.0,0.0,0.0,0.0,0.0,0.0
Mouserbirn_neuronal,gaussian,0.03,median_filter,2808,4542,3197,2583,510,375,389,-1959,-1570,2298,4167,6465,-0.21360544217687072,-3.1178343949044587,2025-11-14T03:07:32.254033,0.0,0.0,0.0,0.0,0.0,0.0
Mouserbirn_neuronal,gaussian,0.03,bilateral_filter,2808,4542,3100,2549,338,461,292,-1993,-1701,2470,4081,6551,-0.23142857142857143,-2.8512639623750733,2025-11-14T03:07:36.982712,0.0,0.0,0.0,0.0,0.0,0.0
Mouserbirn_neuronal,gaussian,0.03,non_local_means,2808,4542,3164,2643,12,6,356,-1899,-1543,2796,4536,7332,-0.20993197278911568,-3.751782242384964,2025-11-14T03:07:43.352484,0.0,0.0,0.0,0.0,0.0,0.0
Mouserbirn_neuronal,gaussian,0.05,median_filter,2808,4542,4370,2339,1113,522,1562,-2203,-641,1695,4020,5715,-0.08721088435374147,-7.915756630265211,2025-11-14T03:07:49.374843,0.0,0.0,0.0,0.0,0.0,0.0
Mouserbirn_neuronal,gaussian,0.05,bilateral_filter,2808,4542,4570,2288,483,630,1762,-2254,-492,2325,3912,6237,-0.06693877551020411,-11.676829268292684,2025-11-14T03:07:54.121175,0.0,0.0,0.0,0.0,0.0,0.0
Mouserbirn_neuronal,gaussian,0.05,non_local_means,2808,4542,4496,2354,10,6,1688,-2188,-500,2798,4536,7334,-0.0680272108843537,-13.668,2025-11-14T03:08:01.714148,0.0,0.0,0.0,0.0,0.0,0.0
Mouserbirn_neuronal,gaussian,0.08,median_filter,2808,4542,5576,2009,2252,825,2768,-2533,235,556,3717,4273,0.03197278911564627,-17.182978723404254,2025-11-14T03:08:06.599242,0.0,0.0,0.0,0.0,0.0,0.0
Mouserbirn_neuronal,gaussian,0.08,bilateral_filter,2808,4542,5636,1997,973,1157,2828,-2545,283,1835,3385,5220,0.03850340136054431,-17.445229681978798,2025-11-14T03:08:11.237552,0.0,0.0,0.0,0.0,0.0,0.0
Mouserbirn_neuronal,gaussian,0.08,non_local_means,2808,4542,5732,2007,8,5,2924,-2535,389,2800,4537,7337,0.052925170068027105,-17.861182519280206,2025-11-14T03:08:18.802979,0.0,0.0,0.0,0.0,0.0,0.0
Mouserbirn_neuronal,gaussian,0.1,median_filter,2808,4542,8553,2609,2389,720,5745,-1933,3812,419,3822,4241,0.5186394557823129,-0.11253934942287502,2025-11-14T03:08:23.617009,0.0,0.0,0.0,0.0,0.0,0.0
Mouserbirn_neuronal,gaussian,0.1,bilateral_filter,2808,4542,8477,2562,1671,1763,5669,-1980,3689,1137,2779,3916,0.5019047619047619,-0.061534291135809216,2025-11-14T03:08:28.628510,0.0,0.0,0.0,0.0,0.0,0.0
Mouserbirn_neuronal,gaussian,0.1,non_local_means,2808,4542,8435,2636,9,6,5627,-1906,3721,2799,4536,7335,0.5062585034013605,-0.9712442891695781,2025-11-14T03:08:35.996914,0.0,0.0,0.0,0.0,0.0,0.0
Mouserbirn_neuronal,salt_pepper,0.01,median_filter,2808,4542,3957,4910,399,363,1149,368,1517,2409,4179,6588,0.2063945578231292,-3.3427818061964407,2025-11-14T03:08:40.273300,0.0,0.0,0.0,0.0,0.0,0.0
Mouserbirn_neuronal,salt_pepper,0.01,bilateral_filter,2808,4542,3948,4866,1526,484,1140,324,1464,1282,4058,5340,0.1991836734693877,-2.6475409836065573,2025-11-14T03:08:44.450284,0.0,0.0,0.0,0.0,0.0,0.0
Mouserbirn_neuronal,salt_pepper,0.01,non_local_means,2808,4542,3950,4891,9,7,1142,349,1491,2799,4535,7334,0.20285714285714285,-3.918846411804158,2025-11-14T03:08:51.756095,0.0,0.0,0.0,0.0,0.0,0.0
Mouserbirn_neuronal,salt_pepper,0.03,median_filter,2808,4542,5970,5596,415,366,3162,1054,4216,2393,4176,6569,0.5736054421768708,-0.558111954459203,2025-11-14T03:08:56.168514,0.0,0.0,0.0,0.0,0.0,0.0
Mouserbirn_neuronal,salt_pepper,0.03,bilateral_filter,2808,4542,5979,5568,3787,643,3171,1026,4197,979,3899,2920,0.5710204081632653,0.30426495115558727,2025-11-14T03:09:00.437884,0.0,0.0,0.0,0.0,0.0,0.0
Mouserbirn_neuronal,salt_pepper,0.03,non_local_means,2808,4542,5986,5583,11,7,3178,1041,4219,2797,4535,7332,0.5740136054421769,-0.7378525716994548,2025-11-14T03:09:07.450054,0.0,0.0,0.0,0.0,0.0,0.0
Mouserbirn_neuronal,salt_pepper,0.05,median_filter,2808,4542,6974,3646,426,361,4166,-896,3270,2382,4181,6563,0.4448979591836735,-1.0070336391437307,2025-11-14T03:09:11.767181,0.0,0.0,0.0,0.0,0.0,0.0
Mouserbirn_neuronal,salt_pepper,0.05,bilateral_filter,2808,4542,6807,3487,5908,876,3999,-1055,2944,3100,3666,566,0.4005442176870748,0.8077445652173914,2025-11-14T03:09:16.001797,0.0,0.0,0.0,0.0,0.0,0.0
Mouserbirn_neuronal,salt_pepper,0.05,non_local_means,2808,4542,6839,3407,19,6,4031,-1135,2896,2789,4536,7325,0.3940136054421768,-1.5293508287292816,2025-11-14T03:09:23.589696,0.0,0.0,0.0,0.0,0.0,0.0
Mouserbirn_neuronal,salt_pepper,0.08,median_filter,2808,4542,9045,3264,448,377,6237,-1278,4959,2360,4165,6525,0.6746938775510205,-0.3157894736842106,2025-11-14T03:09:27.872232,0.0,0.0,0.0,0.0,0.0,0.0
Mouserbirn_neuronal,salt_pepper,0.08,bilateral_filter,2808,4542,9154,3313,8461,588,6346,-1229,5117,5653,3954,1699,0.6961904761904762,0.66796951338675,2025-11-14T03:09:33.342650,0.0,0.0,0.0,0.0,0.0,0.0
Mouserbirn_neuronal,salt_pepper,0.08,non_local_means,2808,4542,9138,3331,29,10,6330,-1211,5119,2779,4532,7311,0.6964625850340136,-0.42820863449892554,2025-11-14T03:09:39.853899,0.0,0.0,0.0,0.0,0.0,0.0
Mouserbirn_neuronal,salt_pepper,0.1,median_filter,2808,4542,10309,2699,464,389,7501,-1843,5658,2344,4153,6497,0.7697959183673468,-0.1482856132909156,2025-11-14T03:09:44.159217,0.0,0.0,0.0,0.0,0.0,0.0
Mouserbirn_neuronal,salt_pepper,0.1,bilateral_filter,2808,4542,10408,2813,10053,456,7600,-1729,5871,7245,4086,3159,0.7987755102040817,0.46193152784874814,2025-11-14T03:09:49.690801,0.0,0.0,0.0,0.0,0.0,0.0
Mouserbirn_neuronal,salt_pepper,0.1,non_local_means,2808,4542,10304,2768,41,21,7496,-1774,5722,2767,4521,7288,0.7785034013605443,-0.27368053128276837,2025-11-14T03:09:56.081247,0.0,0.0,0.0,0.0,0.0,0.0
synthetic_annulus,gaussian,0.01,median_filter,1,1,146,149,1,1,145,148,293,0,0,0,146.5,1.0,2025-11-14T03:17:44.055047,0.0,0.0,0.0,0.0,0.0,0.0
synthetic_annulus,gaussian,0.01,bilateral_filter,1,1,177,159,1,1,176,158,334,0,0,0,167.0,1.0,2025-11-14T03:17:44.709086,0.0,0.0,0.0,0.0,0.0,0.0
synthetic_annulus,gaussian,0.01,non_local_means,1,1,161,139,1,1,160,138,298,0,0,0,149.0,1.0,2025-11-14T03:17:45.647353,0.0,0.0,0.0,0.0,0.0,0.0
synthetic_annulus,gaussian,0.03,median_filter,1,1,648,603,14,5,647,602,1249,13,4,17,624.5,0.9863891112890312,2025-11-14T03:17:46.322447,0.0,0.0,0.0,0.0,0.0,0.0
synthetic_annulus,gaussian,0.03,bilateral_filter,1,1,643,572,1,1,642,571,1213,0,0,0,606.5,1.0,2025-11-14T03:17:46.965479,0.0,0.0,0.0,0.0,0.0,0.0
synthetic_annulus,gaussian,0.03,non_local_means,1,1,647,574,1,1,646,573,1219,0,0,0,609.5,1.0,2025-11-14T03:17:49.646471,0.0,0.0,0.0,0.0,0.0,0.0
synthetic_annulus,gaussian,0.05,median_filter,1,1,553,530,103,31,552,529,1081,102,30,132,540.5,0.8778908418131359,2025-11-14T03:17:50.432676,0.0,0.0,0.0,0.0,0.0,0.0
synthetic_annulus,gaussian,0.05,bilateral_filter,1,1,660,568,1,1,659,567,1226,0,0,0,613.0,1.0,2025-11-14T03:17:51.115151,0.0,0.0,0.0,0.0,0.0,0.0
synthetic_annulus,gaussian,0.05,non_local_means,1,1,664,585,1,1,663,584,1247,0,0,0,623.5,1.0,2025-11-14T03:17:52.029828,0.0,0.0,0.0,0.0,0.0,0.0
synthetic_annulus,gaussian,0.08,median_filter,1,1,639,580,212,87,638,579,1217,211,86,297,608.5,0.7559572719802794,2025-11-14T03:17:52.629117,0.0,0.0,0.0,0.0,0.0,0.0
synthetic_annulus,gaussian,0.08,bilateral_filter,1,1,642,561,13,6,641,560,1201,12,5,17,600.5,0.9858451290591174,2025-11-14T03:17:53.259434,0.0,0.0,0.0,0.0,0.0,0.0
synthetic_annulus,gaussian,0.08,non_local_means,1,1,643,548,1,1,642,547,1189,0,0,0,594.5,1.0,2025-11-14T03:17:54.286820,0.0,0.0,0.0,0.0,0.0,0.0
synthetic_annulus,gaussian,0.1,median_filter,1,1,892,697,275,119,891,696,1587,274,118,392,793.5,0.7529930686830497,2025-11-14T03:17:54.925767,0.0,0.0,0.0,0.0,0.0,0.0
synthetic_annulus,gaussian,0.1,bilateral_filter,1,1,854,736,58,49,853,735,1588,57,48,105,794.0,0.9338790931989924,2025-11-14T03:17:55.539649,0.0,0.0,0.0,0.0,0.0,0.0
synthetic_annulus,gaussian,0.1,non_local_means,1,1,891,707,1,1,890,706,1596,0,0,0,798.0,1.0,2025-11-14T03:17:56.528195,0.0,0.0,0.0,0.0,0.0,0.0
synthetic_annulus,salt_pepper,0.01,median_filter,1,1,134,48,1,1,133,47,180,0,0,0,90.0,1.0,2025-11-14T03:17:57.075571,0.0,0.0,0.0,0.0,0.0,0.0
synthetic_annulus,salt_pepper,0.01,bilateral_filter,1,1,122,61,122,61,121,60,181,121,60,181,90.5,0.0,2025-11-14T03:17:57.661339,0.0,0.0,0.0,0.0,0.0,0.0
synthetic_annulus,salt_pepper,0.01,non_local_means,1,1,124,57,1,1,123,56,179,0,0,0,89.5,1.0,2025-11-14T03:17:58.621317,0.0,0.0,0.0,0.0,0.0,0.0
synthetic_annulus,salt_pepper,0.03,median_filter,1,1,371,161,1,1,370,160,530,0,0,0,265.0,1.0,2025-11-14T03:17:59.213888,0.0,0.0,0.0,0.0,0.0,0.0
synthetic_annulus,salt_pepper,0.03,bilateral_filter,1,1,361,160,361,160,360,159,519,360,159,519,259.5,0.0,2025-11-14T03:17:59.817911,0.0,0.0,0.0,0.0,0.0,0.0
synthetic_annulus,salt_pepper,0.03,non_local_means,1,1,351,185,2,1,350,184,534,1,0,1,267.0,0.99812734082397,2025-11-14T03:18:00.720618,0.0,0.0,0.0,0.0,0.0,0.0
synthetic_annulus,salt_pepper,0.05,median_filter,1,1,583,265,1,1,582,264,846,0,0,0,423.0,1.0,2025-11-14T03:18:01.306245,0.0,0.0,0.0,0.0,0.0,0.0
synthetic_annulus,salt_pepper,0.05,bilateral_filter,1,1,578,270,578,270,577,269,846,577,269,846,423.0,0.0,2025-11-14T03:18:01.957631,0.0,0.0,0.0,0.0,0.0,0.0
synthetic_annulus,salt_pepper,0.05,non_local_means,1,1,573,307,3,1,572,306,878,2,0,2,439.0,0.9977220956719818,2025-11-14T03:18:03.537847,0.0,0.0,0.0,0.0,0.0,0.0
synthetic_annulus,salt_pepper,0.08,median_filter,1,1,857,423,1,1,856,422,1278,0,0,0,639.0,1.0,2025-11-14T03:18:04.184931,0.0,0.0,0.0,0.0,0.0,0.0
synthetic_annulus,salt_pepper,0.08,bilateral_filter,1,1,856,418,856,418,855,417,1272,855,417,1272,636.0,0.0,2025-11-14T03:18:04.759700,0.0,0.0,0.0,0.0,0.0,0.0
synthetic_annulus,salt_pepper,0.08,non_local_means,1,1,850,443,7,1,849,442,1291,6,0,6,645.5,0.9953524399690162,2025-11-14T03:18:05.647737,0.0,0.0,0.0,0.0,0.0,0.0
synthetic_annulus,salt_pepper,0.1,median_filter,1,1,1042,551,1,1,1041,550,1591,0,0,0,795.5,1.0,2025-11-14T03:18:06.246949,0.0,0.0,0.0,0.0,0.0,0.0
synthetic_annulus,salt_pepper,0.1,bilateral_filter,1,1,1068,556,1068,556,1067,555,1622,1067,555,1622,811.0,0.0,2025-11-14T03:18:06.913728,0.0,0.0,0.0,0.0,0.0,0.0
synthetic_annulus,salt_pepper,0.1,non_local_means,1,1,1017,517,6,1,1016,516,1532,5,0,5,766.0,0.9967362924281984,2025-11-14T03:18:07.833411,0.0,0.0,0.0,0.0,0.0,0.0
